Div,Date,Time,HomeTeam,AwayTeam,FTHG,FTAG,FTR,HTHG,HTAG,HTR,B365H,B365D,B365A,BWH,BWD,BWA,IWH,IWD,IWA,PSH,PSD,PSA,WHH,WHD,WHA,VCH,VCD,VCA,MaxH,MaxD,MaxA,AvgH,AvgD,AvgA,B365>2.5,B365<2.5,P>2.5,P<2.5,Max>2.5,Max<2.5,Avg>2.5,Avg<2.5,AHh,B365AHH,B365AHA,PAHH,PAHA,MaxAHH,MaxAHA,AvgAHH,AvgAHA,B365CH,B365CD,B365CA,BWCH,BWCD,BWCA,IWCH,IWCD,IWCA,PSCH,PSCD,PSCA,WHCH,WHCD,WHCA,VCCH,VCCD,VCCA,MaxCH,MaxCD,MaxCA,AvgCH,AvgCD,AvgCA,B365C>2.5,B365C<2.5,PC>2.5,PC<2.5,MaxC>2.5,MaxC<2.5,AvgC>2.5,AvgC<2.5,AHCh,B365CAHH,B365CAHA,PCAHH,PCAHA,MaxCAHH,MaxCAHA,AvgCAHH,AvgCAHA,HS,AS,HST,AST,HF,AF,HC,AC,HY,AY,HR,AR
B1,10/11/2019,13:30,Antwerp,Club Brugge,,,,,,,3.5,3.6,2.0,3.5,3.6,2.05,3.25,3.5,2.05,3.53,3.83,2.04,3.25,3.6,2.05,3.4,3.6,2.05,3.53,3.83,2.1,3.36,3.58,2.04,1.66,2.15,1.7,2.2,1.73,2.23,1.67,2.16,0.25,2.05,1.8,2.13,1.77,2.13,1.85,2.06,1.78,,,,,,,,,,,,,,,,,,,,,,,,,,,,,,,,,,,,,,,,,,0,0,0,0,0,0,0,0,0,0,0,0
B1,09/11/2019,19:00,Cercle Brugge,St Truiden,,,,,,,2.37,3.6,2.75,2.45,3.6,2.75,2.45,3.45,2.6,2.47,3.7,2.78,2.38,3.6,2.7,2.45,3.6,2.7,2.51,3.75,2.78,2.44,3.52,2.68,1.57,2.35,1.62,2.36,1.64,2.39,1.59,2.32,0.0,1.85,2.0,1.83,2.06,1.89,2.06,1.84,2.01,,,,,,,,,,,,,,,,,,,,,,,,,,,,,,,,,,,,,,,,,,0,0,0,0,0,0,0,0,0,0,0,0
B1,09/11/2019,17:00,Charleroi,Eupen,,,,,,,1.75,3.75,4.33,1.8,3.75,4.4,1.77,3.55,4.3,1.81,3.65,4.73,1.75,3.6,4.5,1.75,3.7,4.5,1.85,3.75,4.73,1.79,3.59,4.35,1.9,1.9,1.97,1.89,1.97,1.96,1.91,1.88,-0.75,2.02,1.83,2.07,1.81,2.09,1.87,2.04,1.8,,,,,,,,,,,,,,,,,,,,,,,,,,,,,,,,,,,,,,,,,,0,0,0,0,0,0,0,0,0,0,0,0
B1,10/11/2019,17:00,Genk,Gent,,,,,,,2.37,3.6,2.7,2.4,3.5,2.85,2.35,3.45,2.75,2.39,3.66,2.91,2.3,3.6,2.8,2.38,3.6,2.8,2.45,3.74,2.91,2.37,3.5,2.78,1.6,2.3,1.61,2.38,1.64,2.39,1.6,2.3,-0.25,2.1,1.77,2.07,1.81,2.19,1.85,2.08,1.77,,,,,,,,,,,,,,,,,,,,,,,,,,,,,,,,,,,,,,,,,,0,0,0,0,0,0,0,0,0,0,0,0
B1,09/11/2019,19:00,Kortrijk,Waasland-Beveren,,,,,,,1.6,4.33,4.75,1.62,4.1,5.25,1.63,3.9,4.85,1.66,3.99,5.44,1.62,4.0,5.0,1.62,4.1,5.0,1.69,4.33,5.44,1.63,3.95,4.97,1.65,2.2,1.65,2.3,1.67,2.39,1.63,2.24,-0.75,1.83,2.02,1.83,2.05,1.89,2.11,1.81,2.03,,,,,,,,,,,,,,,,,,,,,,,,,,,,,,,,,,,,,,,,,,0,0,0,0,0,0,0,0,0,0,0,0
B1,09/11/2019,19:30,Oostende,Mouscron,,,,,,,2.6,3.6,2.5,2.65,3.4,2.65,2.5,3.3,2.6,2.58,3.54,2.75,2.5,3.5,2.62,2.55,3.5,2.63,2.65,3.6,2.75,2.52,3.4,2.65,1.75,2.05,1.78,2.09,1.82,2.12,1.77,2.04,0.0,1.88,1.98,1.88,2.0,1.97,2.03,1.87,1.97,,,,,,,,,,,,,,,,,,,,,,,,,,,,,,,,,,,,,,,,,,0,0,0,0,0,0,0,0,0,0,0,0
B1,10/11/2019,19:00,Standard,Mechelen,,,,,,,1.57,4.0,5.5,1.6,4.25,5.25,1.6,3.95,5.0,1.61,4.44,5.22,1.62,4.0,5.0,1.62,4.0,5.25,1.66,4.44,5.5,1.6,4.12,5.08,1.65,2.2,1.61,2.37,1.67,2.38,1.61,2.26,-1.0,2.05,1.8,2.07,1.82,2.13,1.89,2.03,1.81,,,,,,,,,,,,,,,,,,,,,,,,,,,,,,,,,,,,,,,,,,0,0,0,0,0,0,0,0,0,0,0,0
B1,08/11/2019,19:30,Waregem,Anderlecht,,,,,,,3.0,3.75,2.2,3.0,3.6,2.3,2.95,3.4,2.25,3.09,3.59,2.31,2.9,3.6,2.25,2.9,3.6,2.3,3.1,3.75,2.33,2.97,3.5,2.26,1.65,2.2,1.71,2.22,1.73,2.23,1.68,2.17,0.25,1.85,2.0,1.89,2.01,1.89,2.05,1.85,1.99,,,,,,,,,,,,,,,,,,,,,,,,,,,,,,,,,,,,,,,,,,0,0,0,0,0,0,0,0,0,0,0,0
E1,09/11/2019,15:00,Barnsley,Stoke,,,,,,,2.87,3.3,2.5,2.95,3.2,2.5,2.8,3.3,2.5,2.92,3.34,2.58,2.8,3.4,2.5,2.88,3.4,2.5,2.95,3.4,2.65,2.84,3.29,2.52,1.9,1.9,1.96,1.94,1.98,1.96,1.91,1.9,0.0,2.08,1.82,2.08,1.84,2.11,1.85,2.05,1.81,,,,,,,,,,,,,,,,,,,,,,,,,,,,,,,,,,,,,,,,,,0,0,0,0,0,0,0,0,0,0,0,0
E1,09/11/2019,15:00,Birmingham,Fulham,,,,,,,3.1,3.25,2.4,3.1,3.3,2.35,3.0,3.3,2.35,3.26,3.29,2.39,3.1,3.4,2.3,3.1,3.3,2.38,3.29,3.42,2.45,3.12,3.28,2.35,2.0,1.8,2.04,1.86,2.06,1.88,1.99,1.82,0.25,1.85,2.05,1.87,2.05,1.87,2.06,1.84,2.02,,,,,,,,,,,,,,,,,,,,,,,,,,,,,,,,,,,,,,,,,,0,0,0,0,0,0,0,0,0,0,0,0
E1,10/11/2019,12:00,Cardiff,Bristol City,,,,,,,1.95,3.6,3.8,2.0,3.5,3.8,2.0,3.5,3.5,2.03,3.64,3.84,2.0,3.5,3.75,1.95,3.6,3.5,2.1,3.66,3.84,2.02,3.52,3.64,1.8,2.0,1.88,2.01,1.88,2.07,1.83,1.99,-0.5,2.03,1.87,2.03,1.89,2.05,1.89,2.02,1.84,,,,,,,,,,,,,,,,,,,,,,,,,,,,,,,,,,,,,,,,,,0,0,0,0,0,0,0,0,0,0,0,0
E1,09/11/2019,15:00,Hull,West Brom,,,,,,,3.1,3.6,2.2,3.1,3.6,2.2,3.05,3.5,2.2,3.1,3.61,2.33,3.0,3.5,2.3,3.1,3.6,2.3,3.2,3.69,2.35,3.06,3.55,2.25,1.66,2.2,1.7,2.25,1.72,2.44,1.65,2.22,0.25,1.91,1.99,1.89,2.02,1.95,2.03,1.89,1.97,,,,,,,,,,,,,,,,,,,,,,,,,,,,,,,,,,,,,,,,,,0,0,0,0,0,0,0,0,0,0,0,0
E1,09/11/2019,15:00,Leeds,Blackburn,,,,,,,1.45,4.33,7.5,1.45,4.25,8.0,1.45,4.4,7.0,1.42,4.85,8.17,1.42,4.6,8.0,1.4,4.8,8.0,1.49,4.93,8.31,1.43,4.54,7.46,1.8,2.0,1.77,2.15,1.89,2.15,1.76,2.06,-1.25,2.01,1.89,1.99,1.93,2.05,1.93,2.0,1.87,,,,,,,,,,,,,,,,,,,,,,,,,,,,,,,,,,,,,,,,,,0,0,0,0,0,0,0,0,0,0,0,0
E1,09/11/2019,15:00,Millwall,Charlton,,,,,,,2.05,3.4,3.75,2.05,3.4,3.7,2.0,3.35,3.7,2.03,3.5,3.99,2.0,3.4,3.9,2.0,3.5,3.9,2.12,3.53,4.05,2.03,3.42,3.76,2.1,1.72,2.25,1.7,2.25,1.81,2.14,1.71,-0.5,2.02,1.88,2.03,1.88,2.06,1.9,2.01,1.85,,,,,,,,,,,,,,,,,,,,,,,,,,,,,,,,,,,,,,,,,,0,0,0,0,0,0,0,0,0,0,0,0
E1,09/11/2019,12:30,Nott'm Forest,Derby,,,,,,,2.2,3.4,3.3,2.2,3.4,3.3,2.15,3.35,3.35,2.19,3.49,3.5,2.15,3.4,3.4,2.15,3.5,3.4,2.25,3.52,3.53,2.17,3.4,3.37,2.0,1.8,2.04,1.85,2.04,1.9,1.98,1.83,-0.25,1.89,2.01,1.89,2.03,1.91,2.04,1.86,1.99,,,,,,,,,,,,,,,,,,,,,,,,,,,,,,,,,,,,,,,,,,0,0,0,0,0,0,0,0,0,0,0,0
E1,09/11/2019,15:00,Preston,Huddersfield,,,,,,,1.75,3.6,4.75,1.83,3.5,4.5,1.8,3.45,4.55,1.83,3.51,5.02,1.78,3.5,5.0,1.8,3.6,4.8,1.87,3.66,5.1,1.81,3.47,4.75,2.1,1.72,2.2,1.73,2.2,1.94,2.1,1.74,-0.75,2.05,1.85,2.09,1.83,2.09,1.88,2.05,1.82,,,,,,,,,,,,,,,,,,,,,,,,,,,,,,,,,,,,,,,,,,0,0,0,0,0,0,0,0,0,0,0,0
E1,09/11/2019,15:00,QPR,Middlesbrough,,,,,,,1.85,3.75,4.0,1.91,3.7,3.9,1.87,3.7,3.85,1.91,3.83,4.1,1.91,3.75,3.9,1.9,3.8,3.9,1.95,3.92,4.5,1.89,3.72,3.94,1.72,2.1,1.78,2.14,1.78,2.22,1.74,2.1,-0.5,1.91,1.99,1.91,2.01,1.94,2.02,1.88,1.97,,,,,,,,,,,,,,,,,,,,,,,,,,,,,,,,,,,,,,,,,,0,0,0,0,0,0,0,0,0,0,0,0
E1,09/11/2019,15:00,Reading,Luton,,,,,,,1.9,3.5,4.2,1.91,3.5,4.1,1.9,3.65,3.75,1.91,3.81,4.12,1.88,3.8,3.9,1.87,3.8,4.0,2.0,3.85,4.2,1.91,3.66,3.9,1.72,2.1,1.68,2.29,1.78,2.29,1.69,2.17,-0.5,1.91,1.99,1.91,2.01,1.95,2.02,1.9,1.96,,,,,,,,,,,,,,,,,,,,,,,,,,,,,,,,,,,,,,,,,,0,0,0,0,0,0,0,0,0,0,0,0
E1,09/11/2019,15:00,Sheffield Weds,Swansea,,,,,,,2.2,3.4,3.3,2.15,3.4,3.4,2.15,3.3,3.45,2.16,3.37,3.7,2.15,3.3,3.5,2.15,3.4,3.5,2.25,3.48,3.74,2.17,3.34,3.44,2.0,1.8,2.12,1.79,2.17,1.82,2.08,1.76,-0.25,1.88,2.02,1.85,2.06,1.9,2.06,1.86,2.0,,,,,,,,,,,,,,,,,,,,,,,,,,,,,,,,,,,,,,,,,,0,0,0,0,0,0,0,0,0,0,0,0
E1,09/11/2019,15:00,Wigan,Brentford,,,,,,,3.6,3.4,2.1,3.7,3.3,2.1,3.55,3.35,2.05,3.78,3.43,2.11,3.7,3.4,2.05,3.5,3.5,2.1,3.8,3.55,2.2,3.57,3.41,2.09,2.0,1.8,2.13,1.78,2.13,1.86,2.03,1.79,0.25,2.05,1.75,2.11,1.81,2.12,1.84,2.07,1.79,,,,,,,,,,,,,,,,,,,,,,,,,,,,,,,,,,,,,,,,,,0,0,0,0,0,0,0,0,0,0,0,0
EC,09/11/2019,15:00,Stockport,Dag and Red,,,,,,,2.6,3.2,2.8,2.4,3.25,2.75,2.45,3.1,2.65,2.68,3.33,2.73,2.62,3.25,2.62,2.5,3.3,2.7,2.68,3.38,2.8,2.51,3.21,2.69,2.0,1.8,2.02,1.81,2.05,1.87,1.98,1.8,0.0,1.83,1.98,1.9,1.94,1.93,2.0,1.85,1.97,,,,,,,,,,,,,,,,,,,,,,,,,,,,,,,,,,,,,,,,,,0,0,0,0,0,0,0,0,0,0,0,0
E0,09/11/2019,15:00,Burnley,West Ham,,,,,,,2.25,3.5,3.1,2.3,3.5,3.0,2.25,3.55,3.1,2.27,3.59,3.24,2.25,3.5,3.1,2.25,3.5,3.2,2.33,3.73,3.3,2.27,3.55,3.13,1.66,2.2,1.69,2.29,1.75,2.29,1.71,2.17,-0.25,1.98,1.95,1.97,1.96,2.0,1.96,1.97,1.92,,,,,,,,,,,,,,,,,,,,,,,,,,,,,,,,,,,,,,,,,,0,0,0,0,0,0,0,0,0,0,0,0
E0,09/11/2019,12:30,Chelsea,Crystal Palace,,,,,,,1.33,5.0,10.0,1.34,5.25,8.75,1.33,5.3,8.9,1.34,5.41,9.74,1.32,5.25,9.5,1.33,5.25,9.5,1.37,5.6,10.25,1.34,5.35,9.29,1.57,2.37,1.61,2.46,1.63,2.55,1.58,2.4,-1.5,2.0,1.93,1.99,1.93,2.0,1.95,1.97,1.92,,,,,,,,,,,,,,,,,,,,,,,,,,,,,,,,,,,,,,,,,,0,0,0,0,0,0,0,0,0,0,0,0
E0,09/11/2019,17:30,Leicester,Arsenal,,,,,,,2.0,3.75,3.5,2.0,3.8,3.5,1.97,3.75,3.6,1.98,3.91,3.79,1.95,3.7,3.7,1.95,3.8,3.7,2.08,3.98,3.8,1.99,3.78,3.62,1.57,2.37,1.61,2.46,1.62,2.57,1.57,2.42,-0.5,2.0,1.93,1.99,1.93,2.02,1.95,1.98,1.89,,,,,,,,,,,,,,,,,,,,,,,,,,,,,,,,,,,,,,,,,,0,0,0,0,0,0,0,0,0,0,0,0
E0,10/11/2019,16:30,Liverpool,Man City,,,,,,,2.5,3.6,2.62,2.65,3.6,2.55,2.5,3.5,2.7,2.57,3.66,2.74,2.55,3.6,2.62,2.5,3.6,2.7,2.7,3.75,2.78,2.56,3.58,2.68,1.66,2.2,1.63,2.42,1.67,2.42,1.63,2.3,0.0,1.9,2.03,1.9,2.03,2.01,2.05,1.89,1.99,,,,,,,,,,,,,,,,,,,,,,,,,,,,,,,,,,,,,,,,,,0,0,0,0,0,0,0,0,0,0,0,0
E0,10/11/2019,14:00,Man United,Brighton,,,,,,,1.6,3.75,6.5,1.6,3.8,6.0,1.7,3.65,5.4,1.7,3.66,5.98,1.67,3.6,5.8,1.65,3.7,5.75,1.72,3.8,6.5,1.67,3.67,5.82,2.0,1.8,2.0,1.92,2.1,1.92,2.02,1.82,-0.75,1.9,2.03,1.92,2.01,1.92,2.04,1.89,1.99,,,,,,,,,,,,,,,,,,,,,,,,,,,,,,,,,,,,,,,,,,0,0,0,0,0,0,0,0,0,0,0,0
E0,09/11/2019,15:00,Newcastle,Bournemouth,,,,,,,2.55,3.25,2.8,2.7,3.1,2.8,2.6,3.2,2.8,2.69,3.25,2.88,2.6,3.2,2.8,2.6,3.25,2.88,2.72,3.5,2.95,2.64,3.21,2.84,2.0,1.8,2.16,1.78,2.17,1.9,2.07,1.77,0.0,1.88,2.05,1.91,2.02,1.91,2.07,1.87,2.01,,,,,,,,,,,,,,,,,,,,,,,,,,,,,,,,,,,,,,,,,,0,0,0,0,0,0,0,0,0,0,0,0
E0,08/11/2019,20:00,Norwich,Watford,,,,,,,2.7,3.5,2.55,2.7,3.5,2.6,2.6,3.55,2.55,2.7,3.58,2.65,2.62,3.5,2.6,2.63,3.6,2.6,2.75,3.65,2.72,2.68,3.57,2.6,1.66,2.2,1.71,2.27,1.75,2.29,1.69,2.21,0.0,1.99,1.94,1.98,1.94,2.01,1.96,1.97,1.91,,,,,,,,,,,,,,,,,,,,,,,,,,,,,,,,,,,,,,,,,,0,0,0,0,0,0,0,0,0,0,0,0
E0,09/11/2019,15:00,Southampton,Everton,,,,,,,2.9,3.3,2.45,2.9,3.4,2.45,2.95,3.35,2.4,3.11,3.44,2.41,2.9,3.4,2.45,3.0,3.4,2.45,3.11,3.53,2.58,2.96,3.37,2.44,1.9,1.9,1.98,1.94,2.0,1.94,1.94,1.89,0.25,1.82,2.11,1.83,2.1,1.91,2.13,1.8,2.09,,,,,,,,,,,,,,,,,,,,,,,,,,,,,,,,,,,,,,,,,,0,0,0,0,0,0,0,0,0,0,0,0
E0,09/11/2019,15:00,Tottenham,Sheffield United,,,,,,,1.57,4.0,6.0,1.57,4.0,6.0,1.57,4.15,5.8,1.6,4.21,6.09,1.55,4.2,6.0,1.55,4.2,6.5,1.63,4.34,6.5,1.58,4.14,6.02,1.8,2.0,1.85,2.07,1.86,2.11,1.79,2.04,-1.0,2.0,1.93,2.05,1.88,2.05,1.94,1.98,1.89,,,,,,,,,,,,,,,,,,,,,,,,,,,,,,,,,,,,,,,,,,0,0,0,0,0,0,0,0,0,0,0,0
E0,10/11/2019,14:00,Wolves,Aston Villa,,,,,,,1.9,3.5,4.2,1.85,3.6,4.33,1.87,3.6,4.15,1.89,3.7,4.38,1.88,3.6,4.2,1.87,3.5,4.33,1.96,3.8,4.4,1.9,3.6,4.24,1.9,1.9,1.85,2.07,1.96,2.07,1.87,1.96,-0.5,1.91,2.02,1.89,2.03,1.93,2.03,1.89,1.99,,,,,,,,,,,,,,,,,,,,,,,,,,,,,,,,,,,,,,,,,,0,0,0,0,0,0,0,0,0,0,0,0
F1,09/11/2019,16:30,Brest,Paris SG,,,,,,,13.0,7.5,1.2,10.5,7.5,1.22,11.5,6.8,1.22,10.63,7.2,1.24,13.0,6.5,1.2,15.0,7.0,1.18,15.0,7.5,1.25,12.04,6.87,1.22,1.44,2.75,1.44,2.91,1.46,2.95,1.43,2.81,2.0,1.9,2.03,1.88,2.01,1.91,2.07,1.86,2.01,,,,,,,,,,,,,,,,,,,,,,,,,,,,,,,,,,,,,,,,,,0,0,0,0,0,0,0,0,0,0,0,0
F1,09/11/2019,19:00,Lille,Metz,,,,,,,1.57,3.6,7.0,1.57,3.9,6.25,1.6,3.9,5.8,1.6,4.08,6.1,1.57,3.9,6.0,1.57,3.75,6.5,1.63,4.15,7.0,1.59,3.94,5.98,2.1,1.72,2.22,1.72,2.22,1.76,2.14,1.71,-1.0,2.13,1.81,2.15,1.78,2.15,1.84,2.08,1.79,,,,,,,,,,,,,,,,,,,,,,,,,,,,,,,,,,,,,,,,,,0,0,0,0,0,0,0,0,0,0,0,0
F1,10/11/2019,20:00,Marseille,Lyon,,,,,,,2.6,3.5,2.7,2.6,3.4,2.7,2.65,3.35,2.65,2.69,3.53,2.67,2.6,3.4,2.6,2.6,3.3,2.6,2.83,3.55,2.75,2.62,3.39,2.65,1.8,2.0,1.89,2.0,1.89,2.06,1.84,1.98,0.0,1.95,1.98,1.97,1.95,2.09,1.98,1.93,1.94,,,,,,,,,,,,,,,,,,,,,,,,,,,,,,,,,,,,,,,,,,0,0,0,0,0,0,0,0,0,0,0,0
F1,09/11/2019,19:00,Monaco,Dijon,,,,,,,1.4,4.75,8.5,1.4,5.0,7.5,1.42,4.75,7.1,1.42,4.92,7.88,1.4,4.75,7.5,1.4,4.75,7.5,1.44,5.05,8.5,1.41,4.78,7.43,1.57,2.37,1.56,2.55,1.67,2.55,1.57,2.4,-1.25,1.96,1.97,1.95,1.97,1.96,1.98,1.92,1.93,,,,,,,,,,,,,,,,,,,,,,,,,,,,,,,,,,,,,,,,,,0,0,0,0,0,0,0,0,0,0,0,0
F1,10/11/2019,16:00,Montpellier,Toulouse,,,,,,,1.8,3.5,4.75,1.78,3.5,5.0,1.77,3.55,4.75,1.79,3.6,5.15,1.75,3.5,5.0,1.75,3.5,4.75,1.83,3.7,5.25,1.78,3.55,4.77,2.1,1.72,2.14,1.78,2.17,1.8,2.1,1.74,-0.75,2.07,1.86,2.07,1.85,2.07,1.87,2.04,1.83,,,,,,,,,,,,,,,,,,,,,,,,,,,,,,,,,,,,,,,,,,0,0,0,0,0,0,0,0,0,0,0,0
F1,10/11/2019,16:00,Nantes,St Etienne,,,,,,,2.05,3.3,3.8,2.15,3.0,3.9,2.15,3.15,3.75,2.12,3.22,4.06,2.1,3.1,3.9,2.1,3.1,3.75,2.19,3.3,4.2,2.12,3.16,3.81,2.5,1.53,2.51,1.58,2.52,1.65,2.43,1.56,-0.25,1.84,2.09,1.79,2.13,1.84,2.15,1.8,2.08,,,,,,,,,,,,,,,,,,,,,,,,,,,,,,,,,,,,,,,,,,0,0,0,0,0,0,0,0,0,0,0,0
F1,08/11/2019,19:45,Nice,Bordeaux,,,,,,,2.4,3.1,3.3,2.45,3.1,3.1,2.45,3.05,3.2,2.48,3.1,3.31,2.4,3.0,3.2,2.4,3.1,3.13,2.52,3.19,3.34,2.43,3.07,3.2,2.37,1.57,2.46,1.6,2.55,1.61,2.41,1.57,-0.25,2.09,1.84,2.09,1.83,2.12,1.87,2.07,1.81,,,,,,,,,,,,,,,,,,,,,,,,,,,,,,,,,,,,,,,,,,0,0,0,0,0,0,0,0,0,0,0,0
F1,09/11/2019,19:00,Reims,Angers,,,,,,,2.25,3.0,3.75,2.25,3.0,3.7,2.3,3.0,3.55,2.35,3.04,3.64,2.3,2.9,3.6,2.25,3.0,3.6,2.4,3.16,3.75,2.29,3.0,3.56,2.75,1.44,2.86,1.46,2.86,1.53,2.69,1.46,-0.25,1.96,1.97,1.98,1.93,2.0,1.98,1.94,1.93,,,,,,,,,,,,,,,,,,,,,,,,,,,,,,,,,,,,,,,,,,0,0,0,0,0,0,0,0,0,0,0,0
F1,10/11/2019,14:00,Rennes,Amiens,,,,,,,2.0,3.25,4.0,2.2,3.2,3.5,2.15,3.25,3.6,2.11,3.42,3.78,2.1,3.25,3.6,2.05,3.2,3.7,2.2,3.42,4.0,2.14,3.27,3.59,2.2,1.66,2.22,1.72,2.28,1.73,2.21,1.67,-0.25,1.83,2.1,1.81,2.11,1.88,2.11,1.82,2.06,,,,,,,,,,,,,,,,,,,,,,,,,,,,,,,,,,,,,,,,,,0,0,0,0,0,0,0,0,0,0,0,0
F1,09/11/2019,19:00,Strasbourg,Nimes,,,,,,,1.85,3.5,4.5,1.87,3.4,4.6,1.9,3.4,4.4,1.93,3.36,4.75,1.85,3.3,4.6,1.83,3.4,4.6,1.95,3.52,4.8,1.89,3.36,4.46,2.2,1.66,2.28,1.68,2.31,1.73,2.22,1.66,-0.5,1.91,2.02,1.93,2.0,1.93,2.04,1.89,1.98,,,,,,,,,,,,,,,,,,,,,,,,,,,,,,,,,,,,,,,,,,0,0,0,0,0,0,0,0,0,0,0,0
F2,08/11/2019,19:00,Auxerre,Caen,,,,,,,2.0,3.0,4.5,2.1,2.9,3.9,2.05,2.95,3.95,2.12,3.02,4.29,2.05,3.0,4.2,2.1,3.0,4.1,2.12,3.1,4.5,2.08,2.95,4.05,2.6,1.47,2.73,1.49,2.73,1.52,2.63,1.47,-0.25,1.77,2.1,1.78,2.13,1.81,2.13,1.77,2.09,,,,,,,,,,,,,,,,,,,,,,,,,,,,,,,,,,,,,,,,,,0,0,0,0,0,0,0,0,0,0,0,0
F2,08/11/2019,19:00,Chambly,Clermont,,,,,,,4.33,2.9,2.05,3.9,2.9,2.1,3.95,2.9,2.1,4.33,2.97,2.14,4.2,2.88,2.1,4.2,2.9,2.1,4.33,3.0,2.27,3.99,2.91,2.11,2.7,1.44,2.78,1.47,2.8,1.51,2.68,1.46,0.25,2.1,1.77,2.12,1.79,2.13,1.83,2.06,1.79,,,,,,,,,,,,,,,,,,,,,,,,,,,,,,,,,,,,,,,,,,0,0,0,0,0,0,0,0,0,0,0,0
F2,09/11/2019,13:45,Guingamp,Ajaccio,,,,,,,2.05,3.1,4.0,2.0,3.1,3.9,2.05,3.05,3.7,2.15,3.05,4.1,2.1,3.0,4.0,2.1,3.1,3.9,2.15,3.22,4.17,2.08,3.06,3.81,2.35,1.57,2.47,1.56,2.51,1.62,2.37,1.56,-0.25,1.8,2.05,1.8,2.07,1.83,2.13,1.79,2.07,,,,,,,,,,,,,,,,,,,,,,,,,,,,,,,,,,,,,,,,,,0,0,0,0,0,0,0,0,0,0,0,0
F2,08/11/2019,19:00,Le Mans,Grenoble,,,,,,,2.8,3.0,2.7,2.7,2.9,2.75,2.65,3.0,2.7,2.82,3.04,2.85,2.75,3.0,2.8,2.8,3.0,2.75,2.83,3.25,2.85,2.72,2.96,2.76,2.25,1.61,2.31,1.65,2.39,1.75,2.26,1.62,0.0,1.93,1.93,1.94,1.96,1.97,1.99,1.91,1.93,,,,,,,,,,,,,,,,,,,,,,,,,,,,,,,,,,,,,,,,,,0,0,0,0,0,0,0,0,0,0,0,0
F2,08/11/2019,19:00,Lorient,Niort,,,,,,,1.45,4.2,7.5,1.5,4.0,6.0,1.45,4.05,7.1,1.48,4.15,8.2,1.44,4.0,8.5,1.44,4.1,8.5,1.52,4.3,8.5,1.46,4.08,7.28,2.0,1.8,2.06,1.83,2.11,1.85,2.04,1.77,-1.0,1.8,2.05,1.85,2.04,1.92,2.08,1.82,2.03,,,,,,,,,,,,,,,,,,,,,,,,,,,,,,,,,,,,,,,,,,0,0,0,0,0,0,0,0,0,0,0,0
F2,08/11/2019,19:00,Nancy,Troyes,,,,,,,2.25,2.87,3.75,2.2,2.9,3.6,2.2,2.95,3.45,2.34,2.97,3.68,2.3,2.9,3.6,2.3,2.9,3.6,2.36,3.1,3.75,2.26,2.93,3.54,2.6,1.47,2.75,1.48,2.77,1.54,2.61,1.48,-0.25,1.95,1.9,1.97,1.93,2.0,1.94,1.94,1.9,,,,,,,,,,,,,,,,,,,,,,,,,,,,,,,,,,,,,,,,,,0,0,0,0,0,0,0,0,0,0,0,0
F2,08/11/2019,19:00,Orleans,Paris FC,,,,,,,2.3,2.8,3.6,2.45,2.75,3.2,2.3,2.85,3.4,2.37,2.98,3.59,2.35,2.9,3.5,2.38,2.88,3.5,2.54,3.0,3.6,2.35,2.87,3.42,2.6,1.47,2.66,1.51,2.72,1.52,2.6,1.47,-0.25,2.0,1.85,2.0,1.9,2.04,1.9,1.98,1.86,,,,,,,,,,,,,,,,,,,,,,,,,,,,,,,,,,,,,,,,,,0,0,0,0,0,0,0,0,0,0,0,0
F2,11/11/2019,19:45,Rodez,Lens,,,,,,,3.5,3.1,2.05,3.7,2.9,2.15,3.5,2.95,2.2,3.95,2.86,2.31,3.7,3.0,2.2,3.6,3.0,2.25,4.0,3.1,2.31,3.56,2.95,2.21,2.4,1.53,2.42,1.56,2.48,1.61,2.4,1.55,0.25,1.95,1.9,1.94,1.91,2.0,1.94,1.94,1.88,,,,,,,,,,,,,,,,,,,,,,,,,,,,,,,,,,,,,,,,,,0,0,0,0,0,0,0,0,0,0,0,0
F2,08/11/2019,19:00,Sochaux,Le Havre,,,,,,,2.87,2.75,2.87,2.7,2.85,2.8,2.8,2.75,2.8,2.94,2.86,2.9,2.9,2.8,2.8,3.0,2.75,2.8,3.0,2.88,3.21,2.83,2.78,2.83,3.1,1.36,3.03,1.41,3.1,1.44,2.9,1.39,0.0,1.95,1.9,1.96,1.93,2.01,2.15,1.93,1.92,,,,,,,,,,,,,,,,,,,,,,,,,,,,,,,,,,,,,,,,,,0,0,0,0,0,0,0,0,0,0,0,0
F2,08/11/2019,19:00,Valenciennes,Chateauroux,,,,,,,2.15,3.0,3.75,2.3,2.95,3.25,2.25,2.95,3.4,2.33,3.0,3.68,2.3,2.9,3.6,2.25,3.0,3.5,2.5,3.1,3.75,2.27,2.96,3.45,2.4,1.53,2.51,1.56,2.53,1.6,2.43,1.54,-0.25,1.95,1.9,1.96,1.94,1.98,1.96,1.94,1.91,,,,,,,,,,,,,,,,,,,,,,,,,,,,,,,,,,,,,,,,,,0,0,0,0,0,0,0,0,0,0,0,0
D2,10/11/2019,12:30,Darmstadt,Regensburg,,,,,,,2.3,3.3,3.1,2.25,3.4,3.1,2.35,3.4,2.9,2.45,3.42,3.0,2.35,3.4,2.88,2.38,3.4,2.9,2.6,3.64,3.22,2.35,3.37,2.92,1.7,2.1,1.74,2.17,1.85,2.23,1.72,2.11,-0.25,2.02,1.83,2.11,1.8,2.11,1.86,2.04,1.81,,,,,,,,,,,,,,,,,,,,,,,,,,,,,,,,,,,,,,,,,,0,0,0,0,0,0,0,0,0,0,0,0
D2,10/11/2019,12:30,Heidenheim,Hannover,,,,,,,2.4,3.2,3.0,2.6,3.2,2.75,2.5,3.25,2.8,2.57,3.32,2.9,2.45,3.3,2.75,2.4,3.4,2.8,2.85,3.52,3.0,2.5,3.25,2.8,1.8,2.0,1.86,2.02,1.88,2.14,1.83,1.97,0.0,1.8,2.05,1.83,2.07,1.85,2.11,1.81,2.04,,,,,,,,,,,,,,,,,,,,,,,,,,,,,,,,,,,,,,,,,,0,0,0,0,0,0,0,0,0,0,0,0
D2,09/11/2019,12:00,Holstein Kiel,Hamburg,,,,,,,3.75,3.4,2.0,3.6,3.5,2.0,3.45,3.65,2.0,3.61,3.71,2.05,3.5,3.7,1.95,3.3,3.7,2.05,3.75,3.82,2.06,3.49,3.59,2.01,1.6,2.3,1.65,2.33,1.66,2.38,1.61,2.29,0.5,1.83,2.02,1.85,2.05,1.88,2.08,1.84,2.01,,,,,,,,,,,,,,,,,,,,,,,,,,,,,,,,,,,,,,,,,,0,0,0,0,0,0,0,0,0,0,0,0
D2,11/11/2019,19:30,Karlsruhe,Erzgebirge Aue,,,,,,,2.0,3.4,3.75,2.15,3.25,3.5,2.1,3.45,3.35,,,,2.1,3.4,3.3,2.05,3.5,3.4,2.21,3.55,3.75,2.1,3.41,3.35,1.8,2.0,,,1.86,2.06,1.8,1.99,-0.25,1.8,2.05,,,1.85,2.09,1.81,2.04,,,,,,,,,,,,,,,,,,,,,,,,,,,,,,,,,,,,,,,,,,0,0,0,0,0,0,0,0,0,0,0,0
D2,10/11/2019,12:30,Nurnberg,Bielefeld,,,,,,,2.75,3.75,2.3,2.95,3.5,2.3,2.9,3.45,2.35,3.0,3.58,2.36,2.9,3.5,2.25,2.8,3.7,2.3,3.2,3.75,2.45,2.91,3.46,2.32,1.7,2.1,1.7,2.23,1.78,2.25,1.7,2.15,0.25,1.83,2.02,1.85,2.05,1.86,2.1,1.82,2.03,,,,,,,,,,,,,,,,,,,,,,,,,,,,,,,,,,,,,,,,,,0,0,0,0,0,0,0,0,0,0,0,0
D2,09/11/2019,12:00,Sandhausen,Greuther Furth,,,,,,,2.25,3.4,3.1,2.25,3.3,3.25,2.3,3.25,3.1,2.42,3.24,3.2,2.3,3.2,3.1,2.3,3.4,3.0,2.42,3.4,3.29,2.32,3.24,3.09,1.95,1.85,1.97,1.91,2.02,2.03,1.93,1.87,-0.25,2.0,1.85,2.06,1.84,2.07,1.9,2.01,1.84,,,,,,,,,,,,,,,,,,,,,,,,,,,,,,,,,,,,,,,,,,0,0,0,0,0,0,0,0,0,0,0,0
D2,08/11/2019,17:30,Dresden,Wehen,,,,,,,2.0,3.6,3.5,2.05,3.7,3.3,2.05,3.6,3.35,2.16,3.62,3.39,2.0,3.6,3.4,2.1,3.6,3.2,2.16,3.76,3.53,2.08,3.54,3.35,1.65,2.2,1.67,2.28,1.69,2.33,1.65,2.23,-0.25,1.85,2.0,1.88,2.02,1.91,2.1,1.84,2.02,,,,,,,,,,,,,,,,,,,,,,,,,,,,,,,,,,,,,,,,,,0,0,0,0,0,0,0,0,0,0,0,0
D2,08/11/2019,17:30,St Pauli,Bochum,,,,,,,1.85,3.75,4.0,1.95,3.6,3.7,1.9,3.7,3.7,1.93,3.97,3.82,1.85,3.75,3.75,1.9,3.8,3.7,2.0,3.97,4.0,1.91,3.73,3.72,1.6,2.3,1.62,2.38,1.7,2.39,1.62,2.28,-0.5,1.9,1.95,1.93,1.98,1.96,2.0,1.91,1.94,,,,,,,,,,,,,,,,,,,,,,,,,,,,,,,,,,,,,,,,,,0,0,0,0,0,0,0,0,0,0,0,0
D2,09/11/2019,12:00,Osnabruck,Stuttgart,,,,,,,4.5,3.5,1.8,3.9,3.7,1.87,3.9,3.8,1.85,4.04,3.88,1.89,3.9,3.75,1.83,3.9,3.8,1.83,4.5,3.98,1.94,3.91,3.75,1.85,1.61,2.25,1.64,2.35,1.67,2.37,1.62,2.28,0.5,2.02,1.83,2.01,1.89,2.08,1.89,2.0,1.85,,,,,,,,,,,,,,,,,,,,,,,,,,,,,,,,,,,,,,,,,,0,0,0,0,0,0,0,0,0,0,0,0
D1,10/11/2019,12:30,M'gladbach,Werder Bremen,,,,,,,1.72,4.1,4.33,1.72,4.0,4.5,1.73,4.15,4.4,1.75,4.21,4.47,1.75,4.0,4.33,1.7,4.2,4.1,1.8,4.34,4.67,1.73,4.12,4.35,1.53,2.5,1.51,2.7,1.57,2.7,1.5,2.56,-0.75,1.97,1.96,1.97,1.95,1.99,1.97,1.94,1.93,,,,,,,,,,,,,,,,,,,,,,,,,,,,,,,,,,,,,,,,,,0,0,0,0,0,0,0,0,0,0,0,0
D1,09/11/2019,17:30,Bayern Munich,Dortmund,,,,,,,1.53,4.75,5.5,1.57,4.6,5.0,1.7,4.2,4.4,1.57,4.62,5.61,1.55,4.5,5.5,1.53,4.75,5.5,1.7,4.8,5.75,1.56,4.57,5.32,1.4,3.0,1.43,2.99,1.45,3.0,1.41,2.87,-1.0,1.88,2.05,1.88,2.03,2.0,2.08,1.88,1.99,,,,,,,,,,,,,,,,,,,,,,,,,,,,,,,,,,,,,,,,,,0,0,0,0,0,0,0,0,0,0,0,0
D1,08/11/2019,19:30,FC Koln,Hoffenheim,,,,,,,2.5,3.6,2.7,2.6,3.6,2.6,2.6,3.5,2.6,2.62,3.62,2.69,2.55,3.6,2.62,2.6,3.6,2.63,2.67,3.76,2.78,2.58,3.59,2.64,1.61,2.3,1.63,2.39,1.72,2.43,1.61,2.33,0.0,1.93,2.0,1.93,1.99,2.01,2.01,1.92,1.96,,,,,,,,,,,,,,,,,,,,,,,,,,,,,,,,,,,,,,,,,,0,0,0,0,0,0,0,0,0,0,0,0
D1,10/11/2019,17:00,Freiburg,Ein Frankfurt,,,,,,,2.7,3.6,2.5,2.75,3.6,2.45,2.7,3.55,2.5,2.79,3.64,2.53,2.75,3.5,2.5,2.6,3.6,2.45,2.83,3.7,2.6,2.74,3.54,2.48,1.66,2.2,1.67,2.32,1.7,2.32,1.66,2.23,0.0,2.03,1.9,2.06,1.86,2.08,1.91,2.02,1.85,,,,,,,,,,,,,,,,,,,,,,,,,,,,,,,,,,,,,,,,,,0,0,0,0,0,0,0,0,0,0,0,0
D1,09/11/2019,14:30,Hertha,RB Leipzig,,,,,,,4.2,4.0,1.8,4.2,3.9,1.8,4.0,3.85,1.85,4.19,3.93,1.86,4.0,3.8,1.85,3.9,4.0,1.85,4.3,4.05,1.91,4.06,3.88,1.84,1.57,2.37,1.59,2.48,1.63,2.48,1.59,2.36,0.5,2.06,1.87,2.05,1.86,2.1,1.88,2.04,1.84,,,,,,,,,,,,,,,,,,,,,,,,,,,,,,,,,,,,,,,,,,0,0,0,0,0,0,0,0,0,0,0,0
D1,09/11/2019,14:30,Mainz,Union Berlin,,,,,,,2.15,3.4,3.5,2.2,3.3,3.4,2.2,3.45,3.3,2.21,3.42,3.52,2.15,3.4,3.4,2.2,3.5,3.3,2.25,3.5,3.55,2.2,3.39,3.36,1.9,1.9,1.88,2.02,1.91,2.02,1.85,1.97,-0.25,1.92,2.01,1.9,2.02,1.93,2.02,1.89,1.99,,,,,,,,,,,,,,,,,,,,,,,,,,,,,,,,,,,,,,,,,,0,0,0,0,0,0,0,0,0,0,0,0
D1,09/11/2019,14:30,Paderborn,Augsburg,,,,,,,2.62,3.75,2.5,2.6,3.8,2.5,2.5,3.5,2.7,2.61,3.86,2.58,2.55,3.75,2.55,2.6,3.8,2.55,2.65,3.9,2.7,2.59,3.75,2.54,1.44,2.75,1.47,2.83,1.47,2.99,1.44,2.77,0.0,1.98,1.95,1.97,1.95,2.0,1.96,1.95,1.93,,,,,,,,,,,,,,,,,,,,,,,,,,,,,,,,,,,,,,,,,,0,0,0,0,0,0,0,0,0,0,0,0
D1,09/11/2019,14:30,Schalke 04,Fortuna Dusseldorf,,,,,,,1.5,4.2,7.0,1.5,4.25,6.75,1.53,4.3,6.1,1.54,4.37,6.4,1.52,4.2,6.5,1.53,4.4,6.25,1.57,4.5,7.0,1.52,4.31,6.29,1.72,2.1,1.75,2.18,1.78,2.43,1.71,2.15,-1.0,1.9,2.03,1.93,1.99,1.93,2.03,1.88,1.98,,,,,,,,,,,,,,,,,,,,,,,,,,,,,,,,,,,,,,,,,,0,0,0,0,0,0,0,0,0,0,0,0
D1,10/11/2019,14:30,Wolfsburg,Leverkusen,,,,,,,2.87,3.6,2.37,2.9,3.5,2.4,3.0,3.45,2.3,3.02,3.58,2.39,3.0,3.5,2.35,2.8,3.6,2.3,3.1,3.78,2.45,2.96,3.47,2.36,1.8,2.0,1.83,2.07,1.85,2.29,1.78,2.04,0.25,1.86,2.07,1.85,2.07,1.88,2.1,1.83,2.04,,,,,,,,,,,,,,,,,,,,,,,,,,,,,,,,,,,,,,,,,,0,0,0,0,0,0,0,0,0,0,0,0
G1,11/11/2019,17:30,Larisa,Lamia,,,,,,,1.6,3.6,6.0,1.65,3.7,5.75,1.65,3.55,5.7,1.63,3.55,6.66,1.62,3.4,6.5,1.62,3.4,6.0,1.71,3.7,6.66,1.62,3.47,5.81,2.5,1.5,2.48,1.53,2.56,1.55,2.46,1.5,-0.75,1.85,2.0,1.85,1.98,1.89,2.06,1.82,1.97,,,,,,,,,,,,,,,,,,,,,,,,,,,,,,,,,,,,,,,,,,0,0,0,0,0,0,0,0,0,0,0,0
G1,10/11/2019,13:00,Aris,Asteras Tripolis,,,,,,,1.5,3.8,8.0,1.55,3.8,7.0,1.5,3.95,6.7,1.5,3.98,7.8,1.5,3.8,7.5,1.45,3.9,7.0,1.55,4.0,8.0,1.49,3.87,6.77,2.15,1.66,2.08,1.74,2.2,1.74,2.11,1.68,-1.0,1.88,1.98,1.93,1.91,1.96,2.01,1.88,1.93,,,,,,,,,,,,,,,,,,,,,,,,,,,,,,,,,,,,,,,,,,0,0,0,0,0,0,0,0,0,0,0,0
G1,09/11/2019,17:30,OFI Crete,PAOK,,,,,,,4.75,3.6,1.72,5.0,3.8,1.7,4.45,3.85,1.73,5.07,3.63,1.75,4.5,3.7,1.73,4.4,3.75,1.7,5.07,3.85,1.76,4.62,3.68,1.7,1.7,2.1,1.7,2.14,1.75,2.15,1.7,2.09,0.75,1.85,2.0,1.87,1.96,1.97,2.0,1.9,1.91,,,,,,,,,,,,,,,,,,,,,,,,,,,,,,,,,,,,,,,,,,0,0,0,0,0,0,0,0,0,0,0,0
G1,10/11/2019,15:15,Olympiakos,Atromitos,,,,,,,1.14,7.0,23.0,1.15,7.25,23.0,1.17,6.5,18.0,1.12,7.68,26.91,1.14,7.0,23.0,1.14,6.5,19.0,1.19,7.95,27.12,1.14,6.91,18.82,1.7,2.1,1.64,2.2,1.77,2.26,1.67,2.14,-2.0,1.95,1.85,1.94,1.85,2.04,1.9,1.95,1.85,,,,,,,,,,,,,,,,,,,,,,,,,,,,,,,,,,,,,,,,,,0,0,0,0,0,0,0,0,0,0,0,0
G1,10/11/2019,17:30,Panathinaikos,AEK,,,,,,,3.25,3.1,2.3,3.3,3.2,2.3,3.25,3.1,2.3,3.21,3.17,2.42,3.1,3.1,2.35,3.1,3.1,2.3,3.3,3.2,2.45,3.12,3.08,2.32,2.35,1.57,2.43,1.54,2.45,1.6,2.37,1.54,0.25,1.83,2.02,1.79,2.03,1.89,2.07,1.81,1.98,,,,,,,,,,,,,,,,,,,,,,,,,,,,,,,,,,,,,,,,,,0,0,0,0,0,0,0,0,0,0,0,0
G1,09/11/2019,15:15,Volos,Panetolikos,,,,,,,2.05,3.1,4.0,2.1,3.25,3.75,2.05,3.25,3.7,2.05,3.69,3.58,2.0,3.5,3.5,2.0,3.2,3.75,2.12,3.69,4.0,2.02,3.34,3.56,2.25,1.61,2.21,1.66,2.25,1.68,2.21,1.62,-0.5,2.02,1.83,2.03,1.82,2.07,1.88,2.01,1.8,,,,,,,,,,,,,,,,,,,,,,,,,,,,,,,,,,,,,,,,,,0,0,0,0,0,0,0,0,0,0,0,0
G1,10/11/2019,15:00,Xanthi,Panionios,,,,,,,1.9,3.2,4.5,1.9,3.3,4.5,1.9,3.25,4.25,1.88,3.31,4.81,1.91,3.2,4.2,1.87,3.2,4.3,1.93,3.31,4.81,1.87,3.22,4.36,2.4,1.53,2.48,1.53,2.55,1.56,2.43,1.52,-0.5,1.9,1.9,1.86,1.97,1.97,1.98,1.87,1.91,,,,,,,,,,,,,,,,,,,,,,,,,,,,,,,,,,,,,,,,,,0,0,0,0,0,0,0,0,0,0,0,0
I1,09/11/2019,14:00,Brescia,Torino,,,,,,,2.8,3.3,2.55,2.85,3.3,2.5,2.7,3.3,2.6,2.85,3.3,2.66,2.75,3.25,2.55,2.8,3.2,2.63,2.88,3.45,2.7,2.78,3.29,2.59,1.9,1.9,2.02,1.88,2.03,1.95,1.95,1.86,0.0,2.07,1.86,2.03,1.89,2.07,1.92,2.0,1.88,,,,,,,,,,,,,,,,,,,,,,,,,,,,,,,,,,,,,,,,,,0,0,0,0,0,0,0,0,0,0,0,0
I1,10/11/2019,11:30,Cagliari,Fiorentina,,,,,,,2.9,3.4,2.37,2.9,3.4,2.45,2.85,3.3,2.5,2.88,3.34,2.61,2.8,3.3,2.5,2.88,3.1,2.5,3.15,3.47,2.61,2.86,3.32,2.5,1.9,1.9,2.03,1.87,2.03,1.99,1.94,1.87,0.0,2.02,1.77,2.06,1.86,2.3,1.86,2.07,1.81,,,,,,,,,,,,,,,,,,,,,,,,,,,,,,,,,,,,,,,,,,0,0,0,0,0,0,0,0,0,0,0,0
I1,09/11/2019,17:00,Inter,Verona,,,,,,,1.33,5.25,9.5,1.34,5.0,9.5,1.35,5.0,8.9,1.34,5.23,10.45,1.3,5.0,11.0,1.3,5.25,11.5,1.37,5.55,11.5,1.33,5.11,9.72,1.66,2.2,1.68,2.29,1.69,2.38,1.63,2.27,-1.5,2.05,1.88,2.07,1.85,2.07,1.92,2.01,1.86,,,,,,,,,,,,,,,,,,,,,,,,,,,,,,,,,,,,,,,,,,0,0,0,0,0,0,0,0,0,0,0,0
I1,10/11/2019,19:45,Juventus,Milan,,,,,,,1.4,4.75,8.0,1.42,4.6,8.0,1.4,4.7,8.0,1.42,4.85,8.12,1.38,4.6,8.5,1.36,4.4,9.0,1.48,4.95,9.0,1.4,4.67,8.01,1.8,2.0,1.86,2.04,1.86,2.09,1.8,2.01,-1.25,1.97,1.96,1.99,1.93,2.0,1.99,1.95,1.92,,,,,,,,,,,,,,,,,,,,,,,,,,,,,,,,,,,,,,,,,,0,0,0,0,0,0,0,0,0,0,0,0
I1,10/11/2019,14:00,Lazio,Lecce,,,,,,,1.25,6.5,11.0,1.22,6.75,11.5,1.25,6.4,10.5,1.26,6.36,11.8,1.24,6.0,11.0,1.2,6.5,12.0,1.3,7.0,13.0,1.24,6.45,11.03,1.36,3.2,1.38,3.21,1.39,3.3,1.36,3.14,-2.0,2.05,1.75,2.17,1.78,2.18,1.93,2.12,1.77,,,,,,,,,,,,,,,,,,,,,,,,,,,,,,,,,,,,,,,,,,0,0,0,0,0,0,0,0,0,0,0,0
I1,09/11/2019,19:45,Napoli,Genoa,,,,,,,1.4,5.0,7.0,1.35,5.25,8.25,1.4,5.0,7.3,1.4,5.28,7.61,1.36,5.0,8.0,1.36,5.2,9.0,1.42,5.4,9.0,1.38,5.08,7.67,1.5,2.62,1.52,2.68,1.53,2.72,1.49,2.59,-1.5,1.99,1.94,2.1,1.82,2.12,1.94,2.06,1.82,,,,,,,,,,,,,,,,,,,,,,,,,,,,,,,,,,,,,,,,,,0,0,0,0,0,0,0,0,0,0,0,0
I1,10/11/2019,17:00,Parma,Roma,,,,,,,4.0,3.6,1.9,4.0,3.7,1.9,3.9,3.75,1.9,4.17,3.94,1.87,3.9,3.75,1.85,4.1,3.5,1.85,4.3,3.94,1.97,3.97,3.72,1.89,1.72,2.1,1.74,2.19,1.8,2.2,1.72,2.12,0.5,2.0,1.93,2.05,1.87,2.05,1.97,1.98,1.89,,,,,,,,,,,,,,,,,,,,,,,,,,,,,,,,,,,,,,,,,,0,0,0,0,0,0,0,0,0,0,0,0
I1,10/11/2019,14:00,Sampdoria,Atalanta,,,,,,,4.0,3.6,1.9,3.9,3.8,1.9,3.9,3.8,1.87,4.03,4.02,1.88,3.9,3.8,1.85,4.0,3.6,1.83,4.1,4.02,2.0,3.91,3.81,1.88,1.66,2.2,1.67,2.31,1.69,2.33,1.64,2.25,0.5,2.0,1.93,2.04,1.88,2.04,2.0,1.99,1.88,,,,,,,,,,,,,,,,,,,,,,,,,,,,,,,,,,,,,,,,,,0,0,0,0,0,0,0,0,0,0,0,0
I1,08/11/2019,19:45,Sassuolo,Bologna,,,,,,,2.7,3.5,2.55,2.7,3.4,2.6,2.7,3.45,2.55,2.77,3.54,2.6,2.7,3.4,2.5,2.75,3.4,2.6,2.8,3.6,2.65,2.73,3.45,2.57,1.66,2.2,1.68,2.28,1.82,2.29,1.69,2.19,0.0,2.03,1.9,2.02,1.89,2.05,1.91,2.0,1.88,,,,,,,,,,,,,,,,,,,,,,,,,,,,,,,,,,,,,,,,,,0,0,0,0,0,0,0,0,0,0,0,0
I1,10/11/2019,14:00,Udinese,Spal,,,,,,,2.1,3.2,3.8,2.1,3.25,3.75,2.1,3.25,3.65,2.13,3.31,3.87,2.1,3.2,3.7,2.05,3.13,3.8,2.23,3.44,3.9,2.12,3.23,3.72,2.1,1.72,2.17,1.75,2.17,1.93,2.08,1.75,-0.25,1.81,2.13,1.82,2.1,1.84,2.13,1.81,2.07,,,,,,,,,,,,,,,,,,,,,,,,,,,,,,,,,,,,,,,,,,0,0,0,0,0,0,0,0,0,0,0,0
I2,10/11/2019,14:00,Cremonese,Salernitana,,,,,,,2.0,3.1,4.2,2.15,3.2,3.5,2.05,3.15,3.65,2.12,3.14,4.07,2.05,3.1,3.8,2.1,3.13,4.0,2.18,3.23,4.2,2.08,3.13,3.73,2.15,1.66,2.26,1.68,2.33,1.75,2.19,1.66,-0.25,1.77,2.1,1.79,2.11,1.81,2.16,1.77,2.09,,,,,,,,,,,,,,,,,,,,,,,,,,,,,,,,,,,,,,,,,,0,0,0,0,0,0,0,0,0,0,0,0
I2,08/11/2019,20:00,Crotone,Ascoli,,,,,,,1.5,3.75,7.5,1.5,3.9,7.25,1.5,3.95,6.3,1.53,4.02,7.4,1.47,3.9,7.5,1.5,4.0,7.5,1.56,4.1,7.5,1.51,3.94,6.59,1.8,2.0,1.85,2.03,1.89,2.04,1.83,1.97,-1.0,1.9,1.95,1.93,1.97,1.94,2.03,1.9,1.95,,,,,,,,,,,,,,,,,,,,,,,,,,,,,,,,,,,,,,,,,,0,0,0,0,0,0,0,0,0,0,0,0
I2,09/11/2019,17:00,Empoli,Pescara,,,,,,,1.75,3.5,4.75,1.83,3.4,4.6,1.75,3.5,4.45,1.78,3.52,5.21,1.73,3.4,5.0,1.75,3.6,5.0,1.83,3.6,5.25,1.77,3.47,4.64,1.85,1.95,1.85,2.03,1.94,2.03,1.85,1.94,-0.75,2.0,1.85,2.02,1.88,2.05,1.91,2.0,1.85,,,,,,,,,,,,,,,,,,,,,,,,,,,,,,,,,,,,,,,,,,0,0,0,0,0,0,0,0,0,0,0,0
I2,09/11/2019,14:00,Virtus Entella,Pordenone,,,,,,,2.25,3.2,3.3,2.3,3.1,3.3,2.25,3.1,3.2,2.35,3.07,3.53,2.25,3.1,3.3,2.3,3.13,3.4,2.49,3.2,3.53,2.28,3.08,3.29,2.1,1.7,2.2,1.72,2.21,1.75,2.13,1.7,-0.25,1.98,1.88,1.99,1.91,2.01,1.93,1.95,1.89,,,,,,,,,,,,,,,,,,,,,,,,,,,,,,,,,,,,,,,,,,0,0,0,0,0,0,0,0,0,0,0,0
I2,10/11/2019,20:00,Frosinone,Chievo,,,,,,,1.95,3.2,4.2,2.0,3.2,4.1,1.97,3.15,3.95,2.04,3.1,4.51,1.95,3.1,4.2,2.0,3.13,4.33,2.05,3.26,4.51,1.99,3.11,4.06,2.25,1.61,2.3,1.66,2.31,1.7,2.23,1.64,-0.5,2.0,1.85,2.04,1.86,2.04,1.9,1.99,1.84,,,,,,,,,,,,,,,,,,,,,,,,,,,,,,,,,,,,,,,,,,0,0,0,0,0,0,0,0,0,0,0,0
I2,09/11/2019,14:00,Juve Stabia,Benevento,,,,,,,4.33,3.4,1.85,4.25,3.25,1.95,4.15,3.3,1.87,4.74,3.25,1.94,4.4,3.2,1.88,4.6,3.3,1.9,4.74,3.4,1.99,4.25,3.24,1.91,2.07,1.72,2.14,1.76,2.15,1.81,2.07,1.74,0.5,1.95,1.9,1.96,1.94,2.0,1.94,1.94,1.9,,,,,,,,,,,,,,,,,,,,,,,,,,,,,,,,,,,,,,,,,,0,0,0,0,0,0,0,0,0,0,0,0
I2,09/11/2019,14:00,Perugia,Cittadella,,,,,,,1.95,3.3,4.0,1.87,3.25,4.6,1.93,3.25,4.0,1.99,3.15,4.68,1.91,3.2,4.33,1.95,3.2,4.4,2.02,3.41,4.68,1.96,3.16,4.16,2.15,1.66,2.23,1.7,2.23,1.78,2.13,1.71,-0.5,1.95,1.9,1.99,1.91,2.0,1.93,1.95,1.88,,,,,,,,,,,,,,,,,,,,,,,,,,,,,,,,,,,,,,,,,,0,0,0,0,0,0,0,0,0,0,0,0
I2,09/11/2019,14:00,Pisa,Spezia,,,,,,,2.55,3.2,2.8,2.65,3.0,2.9,2.55,3.05,2.8,2.67,3.03,3.03,2.55,3.0,2.88,2.6,3.0,3.0,2.67,3.2,3.03,2.57,3.02,2.87,2.15,1.66,2.26,1.68,2.28,1.74,2.19,1.67,0.0,1.8,2.05,1.83,2.08,1.88,2.09,1.81,2.04,,,,,,,,,,,,,,,,,,,,,,,,,,,,,,,,,,,,,,,,,,0,0,0,0,0,0,0,0,0,0,0,0
I2,10/11/2019,14:00,Trapani,Cosenza,,,,,,,2.2,3.2,3.4,2.2,3.0,3.7,2.15,3.05,3.45,2.27,3.07,3.71,2.2,3.0,3.6,2.2,3.1,3.7,2.27,3.29,3.71,2.19,3.05,3.52,2.25,1.61,2.29,1.66,2.33,1.68,2.24,1.63,-0.25,1.95,1.9,1.93,1.97,1.95,2.05,1.87,1.97,,,,,,,,,,,,,,,,,,,,,,,,,,,,,,,,,,,,,,,,,,0,0,0,0,0,0,0,0,0,0,0,0
I2,09/11/2019,14:00,Venezia,Livorno,,,,,,,2.15,3.3,3.4,2.1,3.2,3.7,2.0,3.2,3.7,2.1,3.28,3.95,2.05,3.1,3.9,2.1,3.13,4.0,2.15,3.3,4.05,2.06,3.19,3.7,2.2,1.65,2.17,1.74,2.35,1.78,2.16,1.68,-0.5,2.15,1.73,2.1,1.81,2.15,1.85,2.05,1.8,,,,,,,,,,,,,,,,,,,,,,,,,,,,,,,,,,,,,,,,,,0,0,0,0,0,0,0,0,0,0,0,0
N1,10/11/2019,11:15,Ajax,Utrecht,,,,,,,1.16,8.0,12.0,1.22,6.75,11.5,1.23,6.5,8.8,1.22,6.9,11.54,1.22,6.5,11.0,1.22,6.5,10.0,1.26,8.0,12.0,1.22,6.81,10.21,1.25,4.0,1.26,3.9,1.29,4.0,1.25,3.78,-2.0,2.02,1.88,1.97,1.89,2.04,1.95,1.97,1.88,,,,,,,,,,,,,,,,,,,,,,,,,,,,,,,,,,,,,,,,,,0,0,0,0,0,0,0,0,0,0,0,0
N1,10/11/2019,19:00,AZ Alkmaar,FC Emmen,,,,,,,1.2,7.0,12.0,1.22,6.75,11.5,1.2,6.5,11.0,1.2,7.0,13.76,1.18,7.0,13.0,1.18,7.0,13.0,1.26,7.3,13.76,1.2,6.88,12.02,1.36,3.1,1.35,3.21,1.46,3.35,1.36,3.1,-2.0,1.93,1.97,1.93,1.93,1.96,2.0,1.93,1.93,,,,,,,,,,,,,,,,,,,,,,,,,,,,,,,,,,,,,,,,,,0,0,0,0,0,0,0,0,0,0,0,0
N1,10/11/2019,15:45,Feyenoord,Waalwijk,,,,,,,1.16,8.0,12.0,1.2,7.5,12.0,1.2,6.9,9.9,1.18,7.71,14.58,1.18,7.0,12.0,1.17,7.5,13.0,1.23,8.3,15.0,1.19,7.55,11.86,1.25,4.0,1.27,3.75,1.36,4.1,1.25,3.81,-2.0,1.84,2.06,1.85,2.02,1.87,2.18,1.82,2.04,,,,,,,,,,,,,,,,,,,,,,,,,,,,,,,,,,,,,,,,,,0,0,0,0,0,0,0,0,0,0,0,0
N1,09/11/2019,17:30,Heerenveen,Sparta Rotterdam,,,,,,,2.0,3.75,3.4,2.1,3.75,3.3,2.0,3.65,3.2,2.08,3.69,3.52,2.0,3.7,3.3,2.0,3.75,3.4,2.1,3.96,3.52,2.04,3.73,3.32,1.57,2.35,1.62,2.39,1.67,2.55,1.56,2.4,-0.5,2.05,1.85,2.08,1.82,2.09,1.87,2.04,1.82,,,,,,,,,,,,,,,,,,,,,,,,,,,,,,,,,,,,,,,,,,0,0,0,0,0,0,0,0,0,0,0,0
N1,09/11/2019,19:45,Heracles,VVV Venlo,,,,,,,1.57,4.2,5.5,1.62,4.33,5.0,1.57,4.2,4.75,1.63,4.35,5.17,1.57,4.2,5.0,1.57,4.3,5.0,1.68,4.5,5.5,1.6,4.26,4.95,1.53,2.4,1.55,2.55,1.56,2.82,1.52,2.49,-1.0,2.05,1.85,2.05,1.85,2.17,1.87,2.03,1.83,,,,,,,,,,,,,,,,,,,,,,,,,,,,,,,,,,,,,,,,,,0,0,0,0,0,0,0,0,0,0,0,0
N1,09/11/2019,18:45,For Sittard,Den Haag,,,,,,,2.37,3.5,2.8,2.35,3.8,2.75,2.35,3.7,2.6,2.42,3.83,2.78,2.35,3.6,2.7,2.3,3.75,2.7,2.45,4.0,2.8,2.36,3.74,2.71,1.5,2.5,1.54,2.57,1.54,2.74,1.5,2.55,-0.25,2.1,1.8,2.12,1.79,2.13,1.83,2.08,1.79,,,,,,,,,,,,,,,,,,,,,,,,,,,,,,,,,,,,,,,,,,0,0,0,0,0,0,0,0,0,0,0,0
N1,10/11/2019,13:30,Twente,Zwolle,,,,,,,2.0,3.75,3.5,2.05,3.8,3.4,2.0,3.7,3.2,2.04,3.82,3.56,2.0,3.7,3.3,2.0,3.8,3.25,2.08,4.0,3.8,2.02,3.74,3.37,1.5,2.5,1.58,2.47,1.63,2.65,1.52,2.49,-0.5,2.04,1.86,2.04,1.86,2.06,1.89,2.02,1.84,,,,,,,,,,,,,,,,,,,,,,,,,,,,,,,,,,,,,,,,,,0,0,0,0,0,0,0,0,0,0,0,0
N1,08/11/2019,19:00,Vitesse,Groningen,,,,,,,1.9,3.6,3.8,2.0,3.5,3.8,1.93,3.4,3.75,1.97,3.58,4.06,1.91,3.4,3.9,1.93,3.6,3.75,2.01,3.85,4.2,1.95,3.48,3.88,1.8,2.0,1.88,2.0,1.91,2.1,1.84,1.96,-0.5,1.97,1.93,1.97,1.93,2.0,1.96,1.96,1.9,,,,,,,,,,,,,,,,,,,,,,,,,,,,,,,,,,,,,,,,,,0,0,0,0,0,0,0,0,0,0,0,0
N1,10/11/2019,13:30,Willem II,PSV Eindhoven,,,,,,,4.5,3.75,1.72,4.5,3.9,1.75,4.05,3.75,1.77,4.54,3.92,1.78,4.33,3.75,1.75,4.2,3.9,1.73,4.89,4.1,1.83,4.3,3.86,1.76,1.65,2.2,1.67,2.28,1.71,2.44,1.66,2.2,0.75,1.88,2.02,1.88,2.02,1.91,2.05,1.86,1.99,,,,,,,,,,,,,,,,,,,,,,,,,,,,,,,,,,,,,,,,,,0,0,0,0,0,0,0,0,0,0,0,0
P1,08/11/2019,20:30,Aves,Gil Vicente,,,,,,,2.75,3.0,2.75,2.7,3.0,2.7,2.75,2.95,2.75,2.86,2.94,2.9,2.75,3.0,2.75,2.7,3.0,2.7,2.86,3.3,2.92,2.72,2.99,2.76,2.4,1.53,2.56,1.55,2.56,1.65,2.43,1.55,0.0,1.95,1.95,1.93,1.96,1.97,2.0,1.91,1.94,,,,,,,,,,,,,,,,,,,,,,,,,,,,,,,,,,,,,,,,,,0,0,0,0,0,0,0,0,0,0,0,0
P1,10/11/2019,21:00,Boavista,Porto,,,,,,,7.0,4.33,1.44,8.25,3.9,1.45,6.6,3.95,1.5,8.16,3.84,1.52,8.0,3.8,1.5,7.0,3.9,1.5,8.25,4.33,1.54,7.1,3.95,1.49,2.1,1.7,2.19,1.71,2.35,1.8,2.11,1.72,1.0,1.97,1.93,1.96,1.93,2.11,1.95,1.96,1.87,,,,,,,,,,,,,,,,,,,,,,,,,,,,,,,,,,,,,,,,,,0,0,0,0,0,0,0,0,0,0,0,0
P1,09/11/2019,20:30,Famalicao,Moreirense,,,,,,,1.8,3.3,5.0,1.8,3.5,4.4,1.8,3.55,4.35,1.81,3.78,4.55,1.8,3.6,4.33,1.8,3.6,4.2,1.88,3.85,5.0,1.8,3.58,4.32,1.95,1.85,1.96,1.9,2.01,1.96,1.92,1.87,-0.5,1.84,2.06,1.8,2.08,1.85,2.11,1.8,2.04,,,,,,,,,,,,,,,,,,,,,,,,,,,,,,,,,,,,,,,,,,0,0,0,0,0,0,0,0,0,0,0,0
P1,10/11/2019,15:00,Pacos Ferreira,Tondela,,,,,,,2.0,3.4,3.75,1.95,3.25,4.0,1.97,3.3,3.95,2.02,3.45,4.01,1.95,3.4,3.9,1.95,3.3,3.9,2.13,3.45,4.15,1.98,3.32,3.83,2.2,1.65,2.32,1.64,2.5,1.72,2.24,1.64,-0.5,2.06,1.84,2.01,1.87,2.06,1.91,1.98,1.85,,,,,,,,,,,,,,,,,,,,,,,,,,,,,,,,,,,,,,,,,,0,0,0,0,0,0,0,0,0,0,0,0
P1,10/11/2019,20:00,Guimaraes,Sp Braga,,,,,,,2.25,3.4,3.1,2.2,3.5,3.0,2.25,3.55,2.95,2.4,3.7,2.87,2.3,3.6,2.9,2.25,3.6,2.9,2.4,3.7,3.35,2.26,3.54,2.93,1.72,2.07,1.72,2.17,1.82,2.25,1.71,2.12,-0.25,2.01,1.89,2.08,1.8,2.08,1.92,1.99,1.84,,,,,,,,,,,,,,,,,,,,,,,,,,,,,,,,,,,,,,,,,,0,0,0,0,0,0,0,0,0,0,0,0
P1,10/11/2019,15:00,Maritimo,Portimonense,,,,,,,2.45,3.2,2.9,2.5,3.1,2.9,2.55,3.05,2.85,2.69,3.18,2.88,2.6,3.1,2.8,2.5,3.1,2.88,2.69,3.4,3.08,2.54,3.11,2.85,2.35,1.57,2.36,1.61,2.48,1.71,2.33,1.59,0.0,1.84,2.06,1.87,2.01,1.9,2.19,1.82,2.03,,,,,,,,,,,,,,,,,,,,,,,,,,,,,,,,,,,,,,,,,,0,0,0,0,0,0,0,0,0,0,0,0
P1,09/11/2019,15:30,Rio Ave,Setubal,,,,,,,1.57,3.75,6.0,1.55,3.9,6.0,1.57,3.85,6.2,1.53,4.19,6.84,1.52,4.0,6.5,1.53,3.8,6.5,1.61,4.19,6.84,1.55,3.9,6.17,2.1,1.7,2.15,1.75,2.22,1.77,2.13,1.71,-1.0,2.0,1.9,1.97,1.93,2.04,1.93,1.97,1.86,,,,,,,,,,,,,,,,,,,,,,,,,,,,,,,,,,,,,,,,,,0,0,0,0,0,0,0,0,0,0,0,0
P1,09/11/2019,18:00,Santa Clara,Benfica,,,,,,,6.5,4.5,1.44,6.5,4.4,1.45,6.6,4.35,1.46,7.64,4.5,1.45,7.5,4.2,1.44,7.0,4.3,1.44,7.75,4.56,1.49,6.86,4.33,1.45,1.8,2.0,1.92,1.95,1.95,2.08,1.84,1.97,1.25,1.83,2.07,1.81,2.07,1.85,2.12,1.79,2.05,,,,,,,,,,,,,,,,,,,,,,,,,,,,,,,,,,,,,,,,,,0,0,0,0,0,0,0,0,0,0,0,0
P1,10/11/2019,18:30,Sp Lisbon,Belenenses,,,,,,,1.36,4.75,8.0,1.3,5.0,9.5,1.36,4.9,7.9,1.35,4.96,10.1,1.33,4.75,10.0,1.33,5.0,8.5,1.39,5.46,10.1,1.34,4.84,8.6,1.57,2.35,1.61,2.37,1.68,2.47,1.57,2.37,-1.5,2.04,1.86,2.0,1.88,2.07,1.97,1.99,1.84,,,,,,,,,,,,,,,,,,,,,,,,,,,,,,,,,,,,,,,,,,0,0,0,0,0,0,0,0,0,0,0,0
SC1,09/11/2019,15:00,Alloa,Dunfermline,,,,,,,3.8,3.5,1.9,3.4,3.4,1.91,3.85,3.35,1.93,3.93,3.82,1.93,3.8,3.7,1.91,3.9,3.5,1.95,4.17,3.82,2.05,3.75,3.48,1.9,2.05,1.75,2.07,1.8,2.14,1.8,2.04,1.75,0.5,1.85,1.95,1.97,1.93,1.97,2.0,1.88,1.91,,,,,,,,,,,,,,,,,,,,,,,,,,,,,,,,,,,,,,,,,,0,0,0,0,0,0,0,0,0,0,0,0
SC1,09/11/2019,15:00,Arbroath,Inverness C,,,,,,,3.4,3.5,2.05,3.2,3.5,1.95,3.5,3.35,2.0,3.74,3.59,2.05,3.5,3.5,2.05,3.6,3.4,2.05,3.74,3.65,2.1,3.42,3.4,2.03,2.0,1.8,2.0,1.88,2.05,1.88,1.97,1.8,0.25,2.05,1.8,2.14,1.76,2.14,1.83,2.05,1.78,,,,,,,,,,,,,,,,,,,,,,,,,,,,,,,,,,,,,,,,,,0,0,0,0,0,0,0,0,0,0,0,0
SC1,08/11/2019,19:45,Dundee,Dundee United,,,,,,,2.9,3.4,2.37,2.55,3.3,2.4,2.7,3.4,2.4,2.82,3.57,2.5,2.75,3.5,2.45,2.88,3.5,2.4,2.9,3.62,2.57,2.72,3.4,2.41,1.9,1.9,1.83,2.05,1.91,2.05,1.82,1.95,0.0,2.1,1.77,2.07,1.83,2.1,1.91,2.03,1.79,,,,,,,,,,,,,,,,,,,,,,,,,,,,,,,,,,,,,,,,,,0,0,0,0,0,0,0,0,0,0,0,0
SC1,09/11/2019,15:00,Partick,Morton,,,,,,,1.83,3.75,4.0,1.75,3.6,3.8,1.83,3.65,3.85,1.87,3.82,4.21,1.83,3.7,4.2,1.83,3.75,4.2,1.88,3.84,4.21,1.82,3.67,3.89,1.7,2.1,1.75,2.13,1.76,2.15,1.71,2.07,-0.5,1.83,2.02,1.87,2.03,1.89,2.07,1.82,1.99,,,,,,,,,,,,,,,,,,,,,,,,,,,,,,,,,,,,,,,,,,0,0,0,0,0,0,0,0,0,0,0,0
SC1,09/11/2019,15:00,Queen of Sth,Ayr,,,,,,,2.7,3.4,2.5,2.75,3.25,2.3,2.75,3.25,2.45,2.98,3.39,2.47,2.8,3.3,2.5,2.75,3.4,2.55,2.98,3.48,2.55,2.79,3.29,2.41,1.95,1.85,2.02,1.86,2.02,1.96,1.92,1.85,0.25,1.7,2.2,1.78,2.13,1.81,2.23,1.73,2.11,,,,,,,,,,,,,,,,,,,,,,,,,,,,,,,,,,,,,,,,,,0,0,0,0,0,0,0,0,0,0,0,0
SC2,09/11/2019,15:00,Clyde,Peterhead,,,,,,,2.05,3.4,3.5,1.85,3.5,3.5,2.05,3.45,3.1,2.11,3.59,3.47,2.05,3.6,3.4,2.0,3.6,3.5,2.11,3.75,3.5,2.0,3.5,3.29,1.65,2.2,1.69,2.15,1.71,2.22,1.64,2.15,-0.5,2.05,1.8,2.08,1.76,2.09,1.86,2.01,1.78,,,,,,,,,,,,,,,,,,,,,,,,,,,,,,,,,,,,,,,,,,0,0,0,0,0,0,0,0,0,0,0,0
SC2,09/11/2019,15:00,Dumbarton,East Fife,,,,,,,2.75,3.4,2.45,2.65,3.2,2.4,2.65,3.35,2.35,2.83,3.55,2.47,2.8,3.4,2.45,2.75,3.5,2.45,2.83,3.6,2.5,2.69,3.38,2.37,1.75,2.05,1.75,2.07,1.79,2.12,1.73,2.03,0.0,2.05,1.8,2.06,1.79,2.08,1.83,2.02,1.77,,,,,,,,,,,,,,,,,,,,,,,,,,,,,,,,,,,,,,,,,,0,0,0,0,0,0,0,0,0,0,0,0
SC2,09/11/2019,15:00,Falkirk,Airdrie Utd,,,,,,,1.53,4.2,5.75,1.57,3.8,4.75,1.5,3.95,5.5,1.51,4.32,6.47,1.5,4.2,6.5,1.55,4.1,5.75,1.57,4.33,6.5,1.51,4.04,5.55,1.8,2.0,1.7,2.14,1.8,2.14,1.74,2.02,-1.0,1.97,1.82,1.88,1.96,2.01,2.03,1.89,1.91,,,,,,,,,,,,,,,,,,,,,,,,,,,,,,,,,,,,,,,,,,0,0,0,0,0,0,0,0,0,0,0,0
SC2,09/11/2019,15:00,Montrose,Forfar,,,,,,,1.75,3.75,4.2,1.8,3.75,3.5,1.75,3.55,4.05,1.8,4.08,4.15,1.78,3.8,4.2,1.83,3.7,4.1,1.83,4.1,4.3,1.76,3.71,3.99,1.8,2.0,1.85,1.97,1.87,2.0,1.8,1.94,-0.5,1.83,2.02,1.78,2.06,1.85,2.1,1.77,2.02,,,,,,,,,,,,,,,,,,,,,,,,,,,,,,,,,,,,,,,,,,0,0,0,0,0,0,0,0,0,0,0,0
SC2,09/11/2019,15:00,Raith Rvs,Stranraer,,,,,,,1.44,4.5,6.5,1.42,4.2,6.0,1.45,4.5,5.5,1.44,4.84,6.78,1.44,4.6,6.5,1.45,4.6,6.25,1.48,4.84,6.78,1.44,4.5,5.86,1.5,2.5,1.49,2.59,1.55,2.63,1.49,2.48,-1.25,2.0,1.85,1.97,1.87,2.07,1.88,1.96,1.82,,,,,,,,,,,,,,,,,,,,,,,,,,,,,,,,,,,,,,,,,,0,0,0,0,0,0,0,0,0,0,0,0
SC3,09/11/2019,15:00,Albion Rvs,Stenhousemuir,,,,,,,2.45,3.6,2.6,2.3,3.5,2.6,2.45,3.4,2.55,2.54,3.85,2.59,2.5,3.7,2.55,2.5,3.6,2.63,2.54,3.85,2.63,2.44,3.49,2.54,1.65,2.2,1.62,2.28,1.67,2.3,1.63,2.17,0.0,1.88,1.98,1.91,1.94,1.92,2.0,1.86,1.93,,,,,,,,,,,,,,,,,,,,,,,,,,,,,,,,,,,,,,,,,,0,0,0,0,0,0,0,0,0,0,0,0
SC3,09/11/2019,15:00,Annan Athletic,Cowdenbeath,,,,,,,2.45,3.6,2.62,2.4,3.6,2.4,2.5,3.25,2.55,2.63,3.58,2.63,2.5,3.6,2.6,2.5,3.5,2.7,2.63,3.6,2.7,2.49,3.35,2.55,1.85,1.95,1.88,1.94,1.92,2.0,1.83,1.92,0.0,1.88,1.98,1.93,1.93,1.94,2.01,1.87,1.93,,,,,,,,,,,,,,,,,,,,,,,,,,,,,,,,,,,,,,,,,,0,0,0,0,0,0,0,0,0,0,0,0
SC3,09/11/2019,15:00,Cove Rangers,Stirling,,,,,,,1.2,7.0,12.0,1.2,6.0,9.25,1.2,6.25,10.25,1.19,6.92,12.78,1.18,7.0,15.0,1.18,7.0,15.0,1.21,7.1,15.0,1.18,6.45,10.79,1.36,3.1,1.31,3.23,1.36,3.35,1.33,3.07,-2.0,1.95,1.9,1.86,1.95,1.99,2.05,1.9,1.9,,,,,,,,,,,,,,,,,,,,,,,,,,,,,,,,,,,,,,,,,,0,0,0,0,0,0,0,0,0,0,0,0
SC3,09/11/2019,15:00,Edinburgh City,Elgin,,,,,,,1.95,3.75,3.5,1.9,3.6,3.3,1.85,3.65,3.45,1.96,4.3,3.38,2.0,3.75,3.4,1.95,3.8,3.5,2.02,4.3,3.5,1.93,3.78,3.25,1.57,2.35,1.52,2.5,1.6,2.5,1.55,2.32,-0.5,1.98,1.88,1.94,1.9,2.0,1.95,1.93,1.86,,,,,,,,,,,,,,,,,,,,,,,,,,,,,,,,,,,,,,,,,,0,0,0,0,0,0,0,0,0,0,0,0
SC3,09/11/2019,15:00,Queens Park,Brechin,,,,,,,1.66,3.75,5.0,1.62,3.9,4.2,1.6,3.8,4.5,1.64,4.25,4.99,1.65,4.0,4.8,1.65,3.9,5.0,1.71,4.25,5.0,1.63,3.86,4.56,1.75,2.05,1.73,2.1,1.87,2.14,1.74,2.01,-0.75,1.85,2.0,1.82,2.03,1.87,2.03,1.83,1.97,,,,,,,,,,,,,,,,,,,,,,,,,,,,,,,,,,,,,,,,,,0,0,0,0,0,0,0,0,0,0,0,0
SC0,10/11/2019,15:00,Celtic,Motherwell,,,,,,,1.2,6.5,13.0,1.19,6.5,13.0,1.18,6.5,14.0,1.2,6.97,15.75,1.18,7.0,15.0,1.17,6.5,15.0,1.23,7.3,17.0,1.18,6.63,13.91,1.57,2.37,1.63,2.37,1.63,2.6,1.57,2.36,-2.0,2.0,1.85,2.1,1.81,2.15,1.89,2.02,1.83,,,,,,,,,,,,,,,,,,,,,,,,,,,,,,,,,,,,,,,,,,0,0,0,0,0,0,0,0,0,0,0,0
SC0,09/11/2019,15:00,Hearts,St Mirren,,,,,,,1.9,3.4,4.0,1.91,3.5,3.8,1.9,3.3,4.0,2.0,3.5,4.16,1.95,3.4,4.0,1.91,3.4,4.2,2.01,3.55,4.45,1.93,3.36,4.0,2.3,1.61,2.36,1.65,2.36,1.69,2.26,1.63,-0.5,1.93,1.93,2.0,1.93,2.0,1.96,1.92,1.91,,,,,,,,,,,,,,,,,,,,,,,,,,,,,,,,,,,,,,,,,,0,0,0,0,0,0,0,0,0,0,0,0
SC0,09/11/2019,15:00,Kilmarnock,Hamilton,,,,,,,1.53,4.0,6.0,1.6,4.0,5.25,1.57,3.6,5.9,1.58,4.04,6.52,1.55,3.8,6.5,1.57,3.9,6.25,1.65,4.04,6.52,1.58,3.78,5.92,2.2,1.65,2.35,1.65,2.35,1.84,2.22,1.65,-1.0,2.02,1.77,2.12,1.81,2.17,1.83,2.08,1.77,,,,,,,,,,,,,,,,,,,,,,,,,,,,,,,,,,,,,,,,,,0,0,0,0,0,0,0,0,0,0,0,0
SC0,10/11/2019,15:00,Livingston,Rangers,,,,,,,13.0,5.5,1.25,10.5,5.25,1.28,10.0,5.5,1.25,10.69,5.94,1.29,11.0,5.8,1.25,11.0,5.75,1.22,13.0,6.2,1.3,10.33,5.69,1.26,1.57,2.37,1.59,2.48,1.67,2.53,1.56,2.38,1.5,2.05,1.75,2.11,1.81,2.14,1.85,2.06,1.78,,,,,,,,,,,,,,,,,,,,,,,,,,,,,,,,,,,,,,,,,,0,0,0,0,0,0,0,0,0,0,0,0
SC0,09/11/2019,15:00,Ross County,Aberdeen,,,,,,,4.5,3.6,1.8,4.2,3.5,1.83,4.3,3.55,1.77,4.62,3.92,1.79,4.33,3.7,1.78,4.3,3.75,1.8,4.75,3.92,1.85,4.35,3.62,1.79,1.9,1.9,1.99,1.91,2.0,1.97,1.92,1.88,0.75,1.77,2.02,1.88,2.04,1.88,2.11,1.81,2.02,,,,,,,,,,,,,,,,,,,,,,,,,,,,,,,,,,,,,,,,,,0,0,0,0,0,0,0,0,0,0,0,0
SC0,09/11/2019,15:00,St Johnstone,Hibernian,,,,,,,2.4,3.4,2.8,2.4,3.4,2.8,2.4,3.2,2.85,2.43,3.47,3.04,2.4,3.3,2.9,2.38,3.4,2.9,2.55,3.49,3.04,2.4,3.3,2.89,2.0,1.8,2.13,1.78,2.13,2.0,2.03,1.77,-0.25,2.05,1.75,2.09,1.83,2.13,1.87,2.07,1.78,,,,,,,,,,,,,,,,,,,,,,,,,,,,,,,,,,,,,,,,,,0,0,0,0,0,0,0,0,0,0,0,0
SP1,09/11/2019,12:00,Alaves,Valladolid,,,,,,,2.4,3.0,3.4,2.45,2.95,3.3,2.4,3.0,3.35,2.4,3.11,3.43,2.35,3.0,3.4,2.38,3.0,3.3,2.45,3.14,3.5,2.4,3.02,3.34,2.75,1.44,2.71,1.51,2.81,1.51,2.65,1.47,-0.25,2.05,1.75,2.03,1.88,2.06,1.89,2.02,1.85,,,,,,,,,,,,,,,,,,,,,,,,,,,,,,,,,,,,,,,,,,0,0,0,0,0,0,0,0,0,0,0,0
SP1,10/11/2019,13:00,Ath Bilbao,Levante,,,,,,,1.66,3.75,5.5,1.67,3.9,5.25,1.7,3.75,5.1,1.69,3.85,5.48,1.7,3.7,5.25,1.67,3.8,5.0,1.76,3.9,5.55,1.69,3.77,5.18,1.9,1.9,2.0,1.9,2.0,1.92,1.94,1.88,-0.75,1.92,2.01,1.93,1.99,1.93,2.02,1.9,1.98,,,,,,,,,,,,,,,,,,,,,,,,,,,,,,,,,,,,,,,,,,0,0,0,0,0,0,0,0,0,0,0,0
SP1,10/11/2019,15:00,Ath Madrid,Espanol,,,,,,,1.45,4.0,8.5,1.48,3.9,8.75,1.47,4.0,8.1,1.47,4.02,9.55,1.44,4.0,9.0,1.45,4.0,8.5,1.51,4.15,10.0,1.46,4.02,8.64,2.37,1.57,2.48,1.59,2.48,1.64,2.38,1.58,-1.0,1.87,2.06,1.91,2.01,1.91,2.11,1.85,2.03,,,,,,,,,,,,,,,,,,,,,,,,,,,,,,,,,,,,,,,,,,0,0,0,0,0,0,0,0,0,0,0,0
SP1,09/11/2019,20:00,Barcelona,Celta,,,,,,,1.2,7.5,13.0,1.2,7.5,12.0,1.22,6.6,12.0,1.21,7.21,14.07,1.2,6.5,15.0,1.2,7.0,13.0,1.23,7.5,15.75,1.21,6.93,13.22,1.44,2.75,1.45,2.92,1.45,3.05,1.41,2.86,-2.0,2.08,1.85,2.12,1.81,2.12,1.92,2.03,1.84,,,,,,,,,,,,,,,,,,,,,,,,,,,,,,,,,,,,,,,,,,0,0,0,0,0,0,0,0,0,0,0,0
SP1,10/11/2019,20:00,Betis,Sevilla,,,,,,,3.6,3.4,2.1,3.5,3.3,2.15,3.35,3.45,2.15,3.5,3.53,2.17,3.4,3.5,2.15,3.3,3.5,2.1,3.6,3.6,2.21,3.4,3.44,2.15,1.8,2.0,1.85,2.05,1.86,2.11,1.8,2.02,0.25,2.03,1.9,2.04,1.88,2.05,1.92,2.01,1.86,,,,,,,,,,,,,,,,,,,,,,,,,,,,,,,,,,,,,,,,,,0,0,0,0,0,0,0,0,0,0,0,0
SP1,09/11/2019,17:30,Eibar,Real Madrid,,,,,,,5.25,4.33,1.6,5.5,4.1,1.6,5.3,4.15,1.6,5.75,4.17,1.62,5.8,4.2,1.57,5.4,4.3,1.57,5.85,4.34,1.65,5.48,4.13,1.6,1.66,2.2,1.67,2.3,1.69,2.59,1.62,2.29,1.0,1.89,2.04,1.87,2.05,1.9,2.06,1.85,2.02,,,,,,,,,,,,,,,,,,,,,,,,,,,,,,,,,,,,,,,,,,0,0,0,0,0,0,0,0,0,0,0,0
SP1,10/11/2019,17:30,Getafe,Osasuna,,,,,,,1.95,3.3,4.33,1.95,3.25,4.33,1.95,3.25,4.4,1.98,3.35,4.46,1.95,3.2,4.4,1.91,3.25,4.4,2.04,3.36,4.6,1.95,3.26,4.35,2.5,1.53,2.65,1.53,2.65,1.56,2.52,1.52,-0.5,1.97,1.96,1.98,1.94,1.98,1.97,1.95,1.92,,,,,,,,,,,,,,,,,,,,,,,,,,,,,,,,,,,,,,,,,,0,0,0,0,0,0,0,0,0,0,0,0
SP1,10/11/2019,11:00,Mallorca,Villarreal,,,,,,,3.6,3.25,2.15,3.5,3.5,2.1,3.3,3.45,2.2,3.38,3.51,2.23,3.3,3.5,2.15,3.4,3.5,2.1,3.6,3.6,2.29,3.35,3.45,2.17,1.9,1.9,1.97,1.93,2.09,1.95,1.93,1.89,0.25,2.03,1.9,1.99,1.93,2.05,1.93,1.99,1.88,,,,,,,,,,,,,,,,,,,,,,,,,,,,,,,,,,,,,,,,,,0,0,0,0,0,0,0,0,0,0,0,0
SP1,08/11/2019,20:00,Sociedad,Leganes,,,,,,,1.8,3.4,5.0,1.83,3.3,5.0,1.8,3.4,4.9,1.87,3.31,5.21,1.83,3.4,4.8,1.83,3.5,4.6,1.91,3.6,5.27,1.84,3.34,4.95,2.3,1.61,2.38,1.64,2.38,1.67,2.29,1.63,-0.5,1.89,2.04,1.87,2.05,1.91,2.1,1.85,2.03,,,,,,,,,,,,,,,,,,,,,,,,,,,,,,,,,,,,,,,,,,0,0,0,0,0,0,0,0,0,0,0,0
SP1,09/11/2019,15:00,Valencia,Granada,,,,,,,1.61,3.7,6.0,1.62,3.7,6.25,1.67,3.65,5.7,1.69,3.6,6.07,1.67,3.6,5.8,1.65,3.7,5.75,1.73,3.8,6.3,1.67,3.63,5.87,2.3,1.61,2.37,1.64,2.37,1.7,2.27,1.64,-0.75,1.91,2.02,1.93,1.98,1.93,2.05,1.88,2.0,,,,,,,,,,,,,,,,,,,,,,,,,,,,,,,,,,,,,,,,,,0,0,0,0,0,0,0,0,0,0,0,0
SP2,09/11/2019,17:00,Albacete,Lugo,,,,,,,1.8,3.2,5.0,1.83,3.2,5.0,1.83,3.25,4.75,1.82,3.31,5.44,1.83,3.2,4.75,1.8,3.3,5.2,1.87,3.35,5.44,1.82,3.22,4.83,2.4,1.53,2.59,1.52,2.66,1.56,2.49,1.51,-0.75,2.07,1.72,2.12,1.78,2.17,1.83,2.11,1.74,,,,,,,,,,,,,,,,,,,,,,,,,,,,,,,,,,,,,,,,,,0,0,0,0,0,0,0,0,0,0,0,0
SP2,10/11/2019,15:00,Almeria,Zaragoza,,,,,,,1.95,3.3,4.0,2.0,3.2,4.0,1.97,3.3,3.95,2.06,3.22,4.21,2.05,3.1,3.8,2.0,3.3,4.0,2.07,3.42,4.34,1.98,3.23,3.95,2.1,1.7,2.18,1.71,2.22,1.75,2.13,1.7,-0.5,2.0,1.85,2.05,1.83,2.05,1.93,1.98,1.86,,,,,,,,,,,,,,,,,,,,,,,,,,,,,,,,,,,,,,,,,,0,0,0,0,0,0,0,0,0,0,0,0
SP2,10/11/2019,11:00,La Coruna,Elche,,,,,,,1.75,3.3,5.25,1.8,3.3,5.0,1.83,3.3,4.7,1.81,3.28,5.11,1.75,3.3,5.0,1.8,3.3,5.25,1.87,3.41,5.25,1.81,3.27,4.73,2.35,1.57,2.36,1.58,2.64,1.62,2.36,1.57,-0.75,2.05,1.8,2.09,1.75,2.15,1.84,2.09,1.77,,,,,,,,,,,,,,,,,,,,,,,,,,,,,,,,,,,,,,,,,,0,0,0,0,0,0,0,0,0,0,0,0
SP2,09/11/2019,17:00,Sp Gijon,Numancia,,,,,,,1.83,3.2,4.75,1.8,3.25,5.0,1.83,3.25,4.85,1.81,3.25,5.68,1.78,3.2,5.0,1.83,3.25,5.2,1.87,3.36,5.68,1.81,3.22,4.84,2.35,1.57,2.41,1.6,2.64,1.62,2.39,1.56,-0.5,1.8,2.05,1.8,2.08,1.86,2.12,1.81,2.03,,,,,,,,,,,,,,,,,,,,,,,,,,,,,,,,,,,,,,,,,,0,0,0,0,0,0,0,0,0,0,0,0
SP2,08/11/2019,20:00,Girona,Tenerife,,,,,,,1.8,3.3,4.75,1.8,3.3,5.0,1.8,3.35,4.75,1.83,3.36,5.16,1.78,3.3,4.8,1.83,3.4,4.75,1.88,3.45,5.3,1.81,3.3,4.75,2.25,1.61,2.31,1.66,2.44,1.69,2.25,1.63,-0.75,2.05,1.75,2.12,1.79,2.16,1.82,2.1,1.77,,,,,,,,,,,,,,,,,,,,,,,,,,,,,,,,,,,,,,,,,,0,0,0,0,0,0,0,0,0,0,0,0
SP2,09/11/2019,15:00,Huesca,Oviedo,,,,,,,1.55,4.0,6.0,1.6,3.7,6.25,1.6,3.65,6.0,1.6,3.56,6.61,1.67,3.5,5.5,1.6,3.7,6.5,1.67,4.0,6.62,1.6,3.63,5.94,2.2,1.65,2.17,1.68,2.37,1.71,2.21,1.64,-0.75,1.75,2.05,1.78,2.07,1.85,2.11,1.81,2.04,,,,,,,,,,,,,,,,,,,,,,,,,,,,,,,,,,,,,,,,,,0,0,0,0,0,0,0,0,0,0,0,0
SP2,09/11/2019,19:00,Las Palmas,Alcorcon,,,,,,,2.05,3.0,4.1,2.05,3.0,4.2,2.15,3.0,3.75,2.23,2.92,4.08,2.15,3.1,3.6,2.1,3.1,3.9,2.23,3.1,4.2,2.15,2.94,3.8,2.5,1.5,2.56,1.53,2.58,1.58,2.46,1.53,-0.25,1.8,2.05,1.86,2.02,1.86,2.11,1.83,2.02,,,,,,,,,,,,,,,,,,,,,,,,,,,,,,,,,,,,,,,,,,0,0,0,0,0,0,0,0,0,0,0,0
SP2,10/11/2019,17:00,Malaga,Fuenlabrada,,,,,,,2.05,3.1,4.0,1.95,3.1,4.4,2.05,3.0,4.25,2.07,2.99,4.61,1.95,3.0,4.4,2.05,3.0,4.4,2.15,3.19,4.61,2.03,2.97,4.16,2.7,1.44,2.86,1.44,2.88,1.48,2.76,1.42,-0.5,2.05,1.8,2.06,1.83,2.12,1.86,2.06,1.79,,,,,,,,,,,,,,,,,,,,,,,,,,,,,,,,,,,,,,,,,,0,0,0,0,0,0,0,0,0,0,0,0
SP2,09/11/2019,15:00,Mirandes,Extremadura UD,,,,,,,2.2,3.1,3.5,2.2,3.1,3.5,2.25,3.05,3.4,2.28,3.1,3.65,2.15,3.1,3.5,2.25,3.1,3.5,2.3,3.2,3.65,2.23,3.06,3.41,2.4,1.53,2.56,1.53,2.56,1.59,2.44,1.54,-0.25,1.9,1.95,1.93,1.96,1.97,1.99,1.91,1.94,,,,,,,,,,,,,,,,,,,,,,,,,,,,,,,,,,,,,,,,,,0,0,0,0,0,0,0,0,0,0,0,0
SP2,10/11/2019,17:00,Racing Santander,Ponferradina,,,,,,,2.15,3.1,3.6,2.2,3.1,3.5,2.2,3.05,3.5,2.23,3.15,3.73,2.1,3.1,3.7,2.2,3.1,3.6,2.3,3.21,4.0,2.2,3.05,3.48,2.5,1.5,2.57,1.53,2.65,1.56,2.5,1.51,-0.25,1.9,1.95,1.88,2.0,1.94,2.0,1.89,1.94,,,,,,,,,,,,,,,,,,,,,,,,,,,,,,,,,,,,,,,,,,0,0,0,0,0,0,0,0,0,0,0,0
SP2,10/11/2019,20:00,Vallecano,Cadiz,,,,,,,2.55,3.0,2.9,2.55,3.0,2.95,2.5,3.1,2.9,2.55,3.17,2.92,2.1,3.1,3.75,2.55,3.1,3.0,2.6,3.23,3.1,2.5,3.07,2.89,2.25,1.61,2.32,1.6,2.38,1.68,2.27,1.61,0.0,1.77,2.1,1.78,2.05,1.82,2.2,1.78,2.07,,,,,,,,,,,,,,,,,,,,,,,,,,,,,,,,,,,,,,,,,,0,0,0,0,0,0,0,0,0,0,0,0
T1,10/11/2019,16:00,Buyuksehyr,Ankaragucu,,,,,,,1.25,5.5,12.0,1.25,5.25,12.0,1.25,5.7,10.0,1.24,6.4,12.41,1.22,5.8,12.0,1.22,6.25,12.0,1.29,6.5,13.0,1.24,5.92,11.33,1.47,2.6,1.5,2.71,1.56,2.72,1.49,2.56,-1.75,1.9,1.95,1.89,1.97,1.94,1.99,1.89,1.94,,,,,,,,,,,,,,,,,,,,,,,,,,,,,,,,,,,,,,,,,,0,0,0,0,0,0,0,0,0,0,0,0
T1,10/11/2019,16:00,Besiktas,Denizlispor,,,,,,,1.57,4.2,5.25,1.55,4.2,5.5,1.57,4.05,5.2,1.56,4.28,6.05,1.53,4.0,5.8,1.53,4.3,5.75,1.62,4.38,6.05,1.55,4.16,5.52,1.66,2.15,1.69,2.24,1.71,2.27,1.66,2.18,-1.0,1.93,1.93,1.98,1.93,1.99,1.96,1.93,1.9,,,,,,,,,,,,,,,,,,,,,,,,,,,,,,,,,,,,,,,,,,0,0,0,0,0,0,0,0,0,0,0,0
T1,08/11/2019,17:30,Fenerbahce,Kasimpasa,,,,,,,1.33,5.25,8.0,1.33,5.5,7.25,1.37,5.0,6.7,1.36,5.53,7.85,1.33,5.25,7.5,1.33,5.5,8.0,1.4,5.7,8.27,1.34,5.35,7.38,1.33,3.4,1.37,3.21,1.4,3.4,1.36,3.07,-1.5,1.93,1.93,1.96,1.94,1.97,1.98,1.92,1.92,,,,,,,,,,,,,,,,,,,,,,,,,,,,,,,,,,,,,,,,,,0,0,0,0,0,0,0,0,0,0,0,0
T1,09/11/2019,17:00,Gaziantep,Galatasaray,,,,,,,4.0,3.8,1.8,3.9,3.7,1.83,3.8,3.6,1.87,3.92,3.77,1.95,3.7,3.6,1.91,3.9,3.6,1.9,4.22,3.81,1.99,3.81,3.64,1.89,1.8,2.0,1.92,1.97,1.92,2.05,1.83,1.97,0.5,1.95,1.9,1.95,1.95,1.99,1.96,1.93,1.9,,,,,,,,,,,,,,,,,,,,,,,,,,,,,,,,,,,,,,,,,,0,0,0,0,0,0,0,0,0,0,0,0
T1,09/11/2019,12:00,Genclerbirligi,Kayserispor,,,,,,,1.57,4.33,5.0,1.62,4.0,5.0,1.6,3.95,4.95,1.62,4.14,5.61,1.6,4.0,5.25,1.57,4.1,5.4,1.68,4.33,5.82,1.6,4.06,5.11,1.7,2.1,1.69,2.25,1.74,2.25,1.68,2.16,-1.0,2.02,1.83,2.09,1.81,2.1,1.91,2.04,1.8,,,,,,,,,,,,,,,,,,,,,,,,,,,,,,,,,,,,,,,,,,0,0,0,0,0,0,0,0,0,0,0,0
T1,10/11/2019,11:00,Goztep,Yeni Malatyaspor,,,,,,,1.95,3.5,3.8,1.95,3.5,3.7,2.0,3.35,3.5,2.06,3.53,3.75,2.0,3.4,3.6,2.0,3.5,3.6,2.1,3.62,3.8,2.02,3.44,3.56,1.95,1.85,2.05,1.83,2.05,1.94,1.95,1.84,-0.5,2.02,1.83,2.06,1.83,2.09,1.86,2.03,1.81,,,,,,,,,,,,,,,,,,,,,,,,,,,,,,,,,,,,,,,,,,0,0,0,0,0,0,0,0,0,0,0,0
T1,09/11/2019,14:30,Rizespor,Antalyaspor,,,,,,,1.95,3.5,3.75,1.91,3.7,3.6,1.9,3.45,3.75,1.99,3.75,3.77,1.95,3.5,3.7,1.93,3.5,3.9,2.05,3.81,4.1,1.93,3.55,3.74,1.95,1.85,1.99,1.89,2.03,2.06,1.93,1.87,-0.5,1.95,1.9,1.99,1.91,2.0,1.96,1.94,1.9,,,,,,,,,,,,,,,,,,,,,,,,,,,,,,,,,,,,,,,,,,0,0,0,0,0,0,0,0,0,0,0,0
T1,09/11/2019,14:30,Sivasspor,Konyaspor,,,,,,,1.8,3.6,4.33,1.8,3.6,4.2,1.77,3.5,4.3,1.83,3.82,4.39,1.8,3.6,4.2,1.8,3.6,4.4,1.94,3.82,4.5,1.82,3.6,4.21,2.0,1.8,1.96,1.93,2.07,1.93,1.97,1.83,-0.5,1.83,2.02,1.83,2.07,1.86,2.09,1.81,2.03,,,,,,,,,,,,,,,,,,,,,,,,,,,,,,,,,,,,,,,,,,0,0,0,0,0,0,0,0,0,0,0,0
T1,10/11/2019,13:30,Trabzonspor,Alanyaspor,,,,,,,2.37,3.6,2.75,2.3,3.6,2.8,2.4,3.45,2.7,2.45,3.66,2.83,2.35,3.6,2.7,2.4,3.6,2.75,2.45,3.8,2.99,2.38,3.52,2.75,1.61,2.25,1.63,2.36,1.69,2.39,1.62,2.26,0.0,1.8,2.05,1.81,2.1,1.84,2.21,1.79,2.06,,,,,,,,,,,,,,,,,,,,,,,,,,,,,,,,,,,,,,,,,,0,0,0,0,0,0,0,0,0,0,0,0
